date	race_id	horse_id
2026-01-17	202606010601	2023106247
2026-01-17	202606010601	202606010601
2026-01-17	202606010601	2023104954
2026-01-17	202606010601	2023100760
2026-01-17	202606010601	2023104992
2026-01-17	202606010601	2023102210
2026-01-17	202606010601	2023103233
2026-01-17	202606010601	2023101549
2026-01-17	202606010601	2023105803
2026-01-17	202606010601	2023100102
2026-01-17	202606010601	2023102023
2026-01-17	202606010601	2023107313
2026-01-17	202606010601	2023102365
2026-01-17	202606010601	2023101724
2026-01-17	202606010601	2023104764
2026-01-17	202606010601	2023103225
2026-01-17	202606010601	2023106331
2026-01-17	202606010602	2023100928
2026-01-17	202606010602	202606010602
2026-01-17	202606010602	2023106733
2026-01-17	202606010602	2023109058
2026-01-17	202606010602	2023107307
2026-01-17	202606010602	2023102575
2026-01-17	202606010602	2023102364
2026-01-17	202606010602	2023104932
2026-01-17	202606010602	2023101046
2026-01-17	202606010602	2023100325
2026-01-17	202606010602	2023105432
2026-01-17	202606010602	2023107440
2026-01-17	202606010602	2023106582
2026-01-17	202606010602	2023103709
2026-01-17	202606010602	2023106620
2026-01-17	202606010602	2023104341
2026-01-17	202606010602	2023106374
2026-01-17	202606010603	2023106686
2026-01-17	202606010603	202606010603
2026-01-17	202606010603	2023103161
2026-01-17	202606010603	2023102050
2026-01-17	202606010603	2023103187
2026-01-17	202606010603	2023106052
2026-01-17	202606010603	2023106060
2026-01-17	202606010603	2023101705
2026-01-17	202606010603	2023106554
2026-01-17	202606010603	2023101656
2026-01-17	202606010603	2023100533
2026-01-17	202606010603	2023105644
2026-01-17	202606010603	2023103245
2026-01-17	202606010603	2023107184
2026-01-17	202606010603	2023107090
2026-01-17	202606010603	2023105060
2026-01-17	202606010603	2023107489
2026-01-17	202606010604	2020109148
2026-01-17	202606010604	202606010604
2026-01-17	202606010604	2021106394
2026-01-17	202606010604	2022103884
2026-01-17	202606010604	2021105677
2026-01-17	202606010604	2018102394
2026-01-17	202606010604	2019101464
2026-01-17	202606010604	2018105423
2026-01-17	202606010604	2020110020
2026-01-17	202606010604	2019101023
2026-01-17	202606010604	2019105808
2026-01-17	202606010604	2021104770
2026-01-17	202606010604	2020110065
2026-01-17	202606010605	2023102118
2026-01-17	202606010605	202606010605
2026-01-17	202606010605	2023103560
2026-01-17	202606010605	2023103805
2026-01-17	202606010605	2023106219
2026-01-17	202606010605	2023104065
2026-01-17	202606010605	2023102518
2026-01-17	202606010605	2023105230
2026-01-17	202606010605	2023107051
2026-01-17	202606010605	2023102090
2026-01-17	202606010605	2023104164
2026-01-17	202606010605	2023103429
2026-01-17	202606010605	2023105651
2026-01-17	202606010605	2023104371
2026-01-17	202606010605	2023106835
2026-01-17	202606010605	2023100312
2026-01-17	202606010605	2023100925
2026-01-17	202606010605	2023101478
2026-01-17	202606010605	2023103066
2026-01-17	202606010606	2022106669
2026-01-17	202606010606	202606010606
2026-01-17	202606010606	2019103308
2026-01-17	202606010606	2021106724
2026-01-17	202606010606	2022106324
2026-01-17	202606010606	2020105525
2026-01-17	202606010606	2020106771
2026-01-17	202606010606	2022103327
2026-01-17	202606010606	2021103918
2026-01-17	202606010606	2021106066
2026-01-17	202606010606	2022106122
2026-01-17	202606010606	2021102458
2026-01-17	202606010606	2022103857
2026-01-17	202606010606	2021105749
2026-01-17	202606010606	2021101793
2026-01-17	202606010606	2022102763
2026-01-17	202606010606	2022105598
2026-01-17	202606010607	2022105139
2026-01-17	202606010607	202606010607
2026-01-17	202606010607	2022104362
2026-01-17	202606010607	2019105076
2026-01-17	202606010607	2022106800
2026-01-17	202606010607	2022106544
2026-01-17	202606010607	2022103308
2026-01-17	202606010607	2021101701
2026-01-17	202606010607	2022104774
2026-01-17	202606010607	2022102338
2026-01-17	202606010607	2022103353
2026-01-17	202606010607	2022104135
2026-01-17	202606010607	2022101203
2026-01-17	202606010608	2021103513
2026-01-17	202606010608	202606010608
2026-01-17	202606010608	2021104325
2026-01-17	202606010608	2020106353
2026-01-17	202606010608	2021100899
2026-01-17	202606010608	2022104479
2026-01-17	202606010608	2020104864
2026-01-17	202606010608	2021101461
2026-01-17	202606010608	2021106936
2026-01-17	202606010608	2021100382
2026-01-17	202606010608	2020104960
2026-01-17	202606010608	2022103779
2026-01-17	202606010608	2022104722
2026-01-17	202606010608	2020100363
2026-01-17	202606010608	2021106119
2026-01-17	202606010608	2021103706
2026-01-17	202606010608	2021103242
2026-01-17	202606010609	2023105807
2026-01-17	202606010609	202606010609
2026-01-17	202606010609	2023107071
2026-01-17	202606010609	2023105246
2026-01-17	202606010609	2023103648
2026-01-17	202606010609	2023103085
2026-01-17	202606010609	2023103980
2026-01-17	202606010609	2023107206
2026-01-17	202606010609	2023107060
2026-01-17	202606010610	2020105603
2026-01-17	202606010610	202606010610
2026-01-17	202606010610	2021100980
2026-01-17	202606010610	2022102280
2026-01-17	202606010610	2021107192
2026-01-17	202606010610	2020103679
2026-01-17	202606010610	2020104632
2026-01-17	202606010610	2020101143
2026-01-17	202606010610	2021104910
2026-01-17	202606010610	2018101243
2026-01-17	202606010610	2019100876
2026-01-17	202606010610	2019106030
2026-01-17	202606010610	2020102868
2026-01-17	202606010610	2022106541
2026-01-17	202606010610	2019104861
2026-01-17	202606010610	2022102062
2026-01-17	202606010610	2020102703
2026-01-17	202606010611	2019100214
2026-01-17	202606010611	202606010611
2026-01-17	202606010611	2021105599
2026-01-17	202606010611	2021105608
2026-01-17	202606010611	2022102434
2026-01-17	202606010611	2020102672
2026-01-17	202606010611	2019102273
2026-01-17	202606010611	2021103725
2026-01-17	202606010611	2017101423
2026-01-17	202606010611	2020103915
2026-01-17	202606010611	2020101174
2026-01-17	202606010611	2020110090
2026-01-17	202606010611	2018103205
2026-01-17	202606010611	2020101262
2026-01-17	202606010611	2020103434
2026-01-17	202606010611	2020103517
2026-01-17	202606010611	2017100583
2026-01-17	202606010612	2022110015
2026-01-17	202606010612	202606010612
2026-01-17	202606010612	2020106987
2026-01-17	202606010612	2018103485
2026-01-17	202606010612	2022104771
2026-01-17	202606010612	2021110023
2026-01-17	202606010612	2022105623
2026-01-17	202606010612	2022104629
2026-01-17	202606010612	2022103146
2026-01-17	202606010612	2021101399
2026-01-17	202606010612	2021104490
2026-01-17	202606010612	2022101290
2026-01-17	202606010612	2019103996
2026-01-17	202606010612	2021104665
2026-01-17	202606010612	2022104637
2026-01-17	202606010612	2021105260
2026-01-17	202606010612	2022101464
2026-01-17	202608010601	2023100392
2026-01-17	202608010601	202608010601
2026-01-17	202608010601	2023102736
2026-01-17	202608010601	2023102898
2026-01-17	202608010601	2023102593
2026-01-17	202608010601	2023107000
2026-01-17	202608010601	2023106078
2026-01-17	202608010601	2023106551
2026-01-17	202608010601	2023103720
2026-01-17	202608010601	2023103556
2026-01-17	202608010601	2023107351
2026-01-17	202608010602	2023104433
2026-01-17	202608010602	202608010602
2026-01-17	202608010602	2023102008
2026-01-17	202608010602	2023103218
2026-01-17	202608010602	2023101918
2026-01-17	202608010602	2023102643
2026-01-17	202608010602	2023103746
2026-01-17	202608010602	2023102657
2026-01-17	202608010602	2023102661
2026-01-17	202608010602	2023102827
2026-01-17	202608010602	2023102476
2026-01-17	202608010602	2023105466
2026-01-17	202608010602	2023104099
2026-01-17	202608010602	2023103654
2026-01-17	202608010602	2023103319
2026-01-17	202608010602	2023104255
2026-01-17	202608010602	2023100452
2026-01-17	202608010603	2023100530
2026-01-17	202608010603	202608010603
2026-01-17	202608010603	2023103703
2026-01-17	202608010603	2023103682
2026-01-17	202608010603	2023102089
2026-01-17	202608010603	2023103313
2026-01-17	202608010603	2023105641
2026-01-17	202608010603	2023102630
2026-01-17	202608010603	2023100230
2026-01-17	202608010603	2023103896
2026-01-17	202608010603	2023102132
2026-01-17	202608010603	2023104586
2026-01-17	202608010603	2023105294
2026-01-17	202608010603	2023102369
2026-01-17	202608010604	2023106298
2026-01-17	202608010604	202608010604
2026-01-17	202608010604	2023104252
2026-01-17	202608010604	2023107477
2026-01-17	202608010604	2023101204
2026-01-17	202608010604	2023102987
2026-01-17	202608010604	2023105729
2026-01-17	202608010604	2023101743
2026-01-17	202608010604	2023104046
2026-01-17	202608010604	2023103546
2026-01-17	202608010604	2023104775
2026-01-17	202608010604	2023104677
2026-01-17	202608010604	2023102250
2026-01-17	202608010604	2023105765
2026-01-17	202608010604	2023101053
2026-01-17	202608010604	2023100850
2026-01-17	202608010604	2023102952
2026-01-17	202608010605	2023102376
2026-01-17	202608010605	202608010605
2026-01-17	202608010605	2023101404
2026-01-17	202608010605	2023106901
2026-01-17	202608010605	2023107122
2026-01-17	202608010605	2023105587
2026-01-17	202608010605	2023107092
2026-01-17	202608010605	2023103777
2026-01-17	202608010605	2023102923
2026-01-17	202608010605	2023102584
2026-01-17	202608010605	2023103906
2026-01-17	202608010605	2023106639
2026-01-17	202608010605	2023103676
2026-01-17	202608010605	2023100998
2026-01-17	202608010605	2023101519
2026-01-17	202608010605	2023100732
2026-01-17	202608010605	2023100395
2026-01-17	202608010605	2023104957
2026-01-17	202608010605	2023106949
2026-01-17	202608010606	2023106011
2026-01-17	202608010606	202608010606
2026-01-17	202608010606	2023101397
2026-01-17	202608010606	2023100145
2026-01-17	202608010606	2023105272
2026-01-17	202608010606	2023107131
2026-01-17	202608010606	2023107371
2026-01-17	202608010606	2023110070
2026-01-17	202608010606	2023105008
2026-01-17	202608010607	2021107255
2026-01-17	202608010607	202608010607
2026-01-17	202608010607	2022105209
2026-01-17	202608010607	2022102360
2026-01-17	202608010607	2021110058
2026-01-17	202608010607	2022103053
2026-01-17	202608010607	2021110134
2026-01-17	202608010607	2022110063
2026-01-17	202608010607	2020102728
2026-01-17	202608010607	2022110152
2026-01-17	202608010607	2021110123
2026-01-17	202608010607	2020110051
2026-01-17	202608010607	2022101062
2026-01-17	202608010607	2022106998
2026-01-17	202608010607	2022106597
2026-01-17	202608010607	2022105936
2026-01-17	202608010607	2022102127
2026-01-17	202608010608	2020102081
2026-01-17	202608010608	202608010608
2026-01-17	202608010608	2022105439
2026-01-17	202608010608	2022103290
2026-01-17	202608010608	2022100655
2026-01-17	202608010608	2022100439
2026-01-17	202608010608	2022100997
2026-01-17	202608010608	2022104403
2026-01-17	202608010608	2022106644
2026-01-17	202608010609	2019100702
2026-01-17	202608010609	202608010609
2026-01-17	202608010609	2022105549
2026-01-17	202608010609	2019103816
2026-01-17	202608010609	2021105072
2026-01-17	202608010609	2022105438
2026-01-17	202608010609	2020100678
2026-01-17	202608010609	2021105867
2026-01-17	202608010609	2018106354
2026-01-17	202608010609	2022100084
2026-01-17	202608010609	2020106475
2026-01-17	202608010610	2023107520
2026-01-17	202608010610	202608010610
2026-01-17	202608010610	2023103247
2026-01-17	202608010610	2023107006
2026-01-17	202608010610	2023104034
2026-01-17	202608010610	2023105203
2026-01-17	202608010610	2023101159
2026-01-17	202608010610	2023105300
2026-01-17	202608010610	2023103503
2026-01-17	202608010610	2023105312
2026-01-17	202608010611	2021104422
2026-01-17	202608010611	202608010611
2026-01-17	202608010611	2020103902
2026-01-17	202608010611	2020110034
2026-01-17	202608010611	2021102718
2026-01-17	202608010611	2021106587
2026-01-17	202608010611	2020110100
2026-01-17	202608010611	2022100204
2026-01-17	202608010611	2020105625
2026-01-17	202608010611	2021102083
2026-01-17	202608010611	2020100665
2026-01-17	202608010611	2019106632
2026-01-17	202608010611	2021105598
2026-01-17	202608010611	2021101397
2026-01-17	202608010611	2021105431
2026-01-17	202608010611	2020104893
2026-01-17	202608010611	2020103985
2026-01-17	202608010612	2022100018
2026-01-17	202608010612	202608010612
2026-01-17	202608010612	2018103473
2026-01-17	202608010612	2022104316
2026-01-17	202608010612	2022104784
2026-01-17	202608010612	2020103499
2026-01-17	202608010612	2020104983
2026-01-17	202608010612	2017110086
2026-01-17	202608010612	2021105564
2026-01-17	202608010612	2022100381
2026-01-17	202608010612	2021105295
2026-01-17	202608010612	2021103227
2026-01-17	202608010612	2020101184
2026-01-17	202608010612	2022105422
2026-01-17	202608010612	2022103651
2026-01-17	202608010612	2021104905
2026-01-17	202608010612	2022110066
2026-01-17	202608010612	2021104832
2026-01-17	202608010612	2020106623
