race_id	bet_type	combo	pay100
202606010101	fukusho	14	220
202606010101	sanrenpuku	14-15-16	2850
202606010101	sanrentan	14-15-16	8900
202606010101	tansho	14	140
202606010101	umaren	14-15	1340
202606010101	umatan	14-15	1800
202606010101	wide	14-14-15	530
202606010101	wide	14-14-15-15-16-16	1910
202606010101	wide	15-16	360
202606010102	fukusho	4	120
202606010102	sanrenpuku	4-7-8	450
202606010102	sanrentan	4-8-7	1300
202606010102	tansho	4	130
202606010102	umaren	4-8	420
202606010102	umatan	4-8	530
202606010102	wide	4-4-7-7-8-8	440
202606010102	wide	4-4-8	200
202606010102	wide	7-8	140
202606010103	fukusho	14	150
202606010103	sanrenpuku	13-14-16	3480
202606010103	sanrentan	14-13-16	26890
202606010103	tansho	14	830
202606010103	umaren	13-14	3950
202606010103	umatan	14-13	6690
202606010103	wide	13-13-14-14-16-16	550
202606010103	wide	13-14-14	1020
202606010103	wide	13-16	450
202606010104	fukusho	7	130
202606010104	sanrenpuku	2-5-7	2370
202606010104	sanrentan	7-2-5	15770
202606010104	tansho	7	410
202606010104	umaren	2-7	3550
202606010104	umatan	7-2	5310
202606010104	wide	2-2-5-5-7-7	740
202606010104	wide	2-5	260
202606010104	wide	2-5-7	940
202606010105	fukusho	16	260
202606010105	sanrenpuku	5-9-16	9520
202606010105	sanrentan	16-5-9	48050
202606010105	tansho	16	350
202606010105	umaren	5-16	3250
202606010105	umatan	16-5	5520
202606010105	wide	5-5-9-9-16-16	1960
202606010105	wide	5-9	870
202606010105	wide	5-9-16	1110
202606010106	fukusho	8	1410
202606010106	sanrenpuku	8-10-12	474850
202606010106	sanrentan	8-10-12	2097850
202606010106	tansho	8	1590
202606010106	umaren	8-10	32110
202606010106	umatan	8-10	59150
202606010106	wide	10-12	15030
202606010106	wide	8-8-10	6880
202606010106	wide	8-8-10-10-12-12	25000
202606010107	fukusho	13	1760
202606010107	sanrenpuku	1-13-16	54450
202606010107	sanrentan	13-16-1	133720
202606010107	tansho	13	160
202606010107	umaren	13-16	1490
202606010107	umatan	13-16	1980
202606010107	wide	1-1-13-13-16-16	18330
202606010107	wide	1-13-16	770
202606010107	wide	1-16	4520
202606010108	fukusho	4	490
202606010108	sanrenpuku	4-11-12	44560
202606010108	sanrentan	4-11-12	324310
202606010108	tansho	4	680
202606010108	umaren	4-11	5110
202606010108	umatan	4-11	9580
202606010108	wide	11-12	2340
202606010108	wide	4-4-11	1330
202606010108	wide	4-4-11-11-12-12	5350
202606010109	fukusho	3	170
202606010109	sanrenpuku	3-4-10	7130
202606010109	sanrentan	3-4-10	93530
202606010109	tansho	3	1100
202606010109	umaren	3-4	7760
202606010109	umatan	3-4	15570
202606010109	wide	3-3-4	1810
202606010109	wide	3-3-4-4-10-10	970
202606010109	wide	4-10	640
202606010110	fukusho	4	110
202606010110	sanrenpuku	4-5-7	390
202606010110	sanrentan	4-5-7	1650
202606010110	tansho	4	230
202606010110	umaren	4-5	360
202606010110	umatan	4-5	670
202606010110	wide	4-4-5	150
202606010110	wide	4-4-5-5-7-7	250
202606010110	wide	5-7	170
202606010111	fukusho	11	230
202606010111	sanrenpuku	2-8-11	5960
202606010111	sanrentan	11-2-8	45660
202606010111	tansho	11	1480
202606010111	umaren	2-11	2590
202606010111	umatan	11-2	7650
202606010111	wide	2-2-8-8-11-11	530
202606010111	wide	2-8	1690
202606010111	wide	2-8-11	760
202606010112	fukusho	13	150
202606010112	sanrenpuku	3-13-16	2400
202606010112	sanrentan	13-3-16	15620
202606010112	tansho	13	820
202606010112	umaren	3-13	1810
202606010112	umatan	13-3	4020
202606010112	wide	3-13-13	580
202606010112	wide	3-16	500
202606010112	wide	3-3-13-13-16-16	410
202606010201	fukusho	5	220
202606010201	sanrenpuku	5-6-11	3060
202606010201	sanrentan	5-6-11	12580
202606010201	tansho	5	590
202606010201	umaren	5-6	1000
202606010201	umatan	5-6	2160
202606010201	wide	5-5-6	530
202606010201	wide	5-5-6-6-11-11	470
202606010201	wide	6-11	1070
202606010202	fukusho	12	140
202606010202	sanrenpuku	5-6-12	1090
202606010202	sanrentan	12-6-5	7090
202606010202	tansho	12	500
202606010202	umaren	6-12	990
202606010202	umatan	12-6	1900
202606010202	wide	5-5-6-6-12-12	250
202606010202	wide	5-6	400
202606010202	wide	5-6-12	430
202606010203	fukusho	3	120
202606010203	sanrenpuku	3-7-10	790
202606010203	sanrentan	3-7-10	4480
202606010203	tansho	3	170
202606010203	umaren	3-7	1200
202606010203	umatan	3-7	1610
202606010203	wide	3-3-7	350
202606010203	wide	3-3-7-7-10-10	430
202606010203	wide	7-10	180
202606010204	fukusho	11	170
202606010204	sanrenpuku	1-11-13	1470
202606010204	sanrentan	11-1-13	4630
202606010204	tansho	11	150
202606010204	umaren	1-11	920
202606010204	umatan	11-1	1150
202606010204	wide	1-1-11-11-13-13	970
202606010204	wide	1-11-11	390
202606010204	wide	1-13	230
202606010205	fukusho	12	200
202606010205	sanrenpuku	3-10-12	1140
202606010205	sanrentan	12-10-3	3580
202606010205	tansho	12	250
202606010205	umaren	10-12	320
202606010205	umatan	12-10	600
202606010205	wide	3-10	500
202606010205	wide	3-10-12	180
202606010205	wide	3-3-10-10-12-12	460
202606010206	fukusho	12	630
202606010206	sanrenpuku	7-10-12	9450
202606010206	sanrentan	12-10-7	45760
202606010206	tansho	12	570
202606010206	umaren	10-12	960
202606010206	umatan	12-10	2310
202606010206	wide	7-10	2950
202606010206	wide	7-10-12	450
202606010206	wide	7-7-10-10-12-12	1920
202606010207	fukusho	2	170
202606010207	sanrenpuku	2-7-8	3640
202606010207	sanrentan	2-8-7	35060
202606010207	tansho	2	1380
202606010207	umaren	2-8	2530
202606010207	umatan	2-8	6840
202606010207	wide	2-2-7-7-8-8	350
202606010207	wide	2-2-8	770
202606010207	wide	7-8	990
202606010208	fukusho	5	220
202606010208	sanrenpuku	5-6-7	3650
202606010208	sanrentan	5-7-6	47280
202606010208	tansho	5	2260
202606010208	umaren	5-7	1650
202606010208	umatan	5-7	5580
202606010208	wide	5-5-6-6-7-7	330
202606010208	wide	5-5-7	580
202606010208	wide	6-7	1920
202606010209	fukusho	3	220
202606010209	sanrenpuku	3-8-12	8460
202606010209	sanrentan	3-12-8	63710
202606010209	tansho	3	1590
202606010209	umaren	3-12	2710
202606010209	umatan	3-12	6640
202606010209	wide	3-3-12	850
202606010209	wide	3-3-8-8-12-12	360
202606010209	wide	8-12	2030
202606010210	fukusho	1	260
202606010210	sanrenpuku	1-3-11	2520
202606010210	sanrentan	1-11-3	10220
202606010210	tansho	1	300
202606010210	umaren	1-11	950
202606010210	umatan	1-11	1660
202606010210	wide	1-1-11	440
202606010210	wide	1-1-3-3-11-11	840
202606010210	wide	3-11	620
202606010211	fukusho	13	210
202606010211	sanrenpuku	11-12-13	18590
202606010211	sanrentan	13-11-12	180380
202606010211	tansho	13	1560
202606010211	umaren	11-13	14530
202606010211	umatan	13-11	32000
202606010211	wide	11-11-12-12-13-13	1310
202606010211	wide	11-12	1510
202606010211	wide	11-12-13	3700
202606010212	fukusho	12	340
202606010212	sanrenpuku	2-7-12	8610
202606010212	sanrentan	12-2-7	34220
202606010212	tansho	12	460
202606010212	umaren	2-12	2210
202606010212	umatan	12-2	3970
202606010212	wide	2-2-7-7-12-12	1280
202606010212	wide	2-7	1130
202606010212	wide	2-7-12	740
202606010301	fukusho	11	210
202606010301	sanrenpuku	8-10-11	790
202606010301	sanrentan	11-8-10	2380
202606010301	tansho	11	140
202606010301	umaren	8-11	200
202606010301	umatan	11-8	300
202606010301	wide	8-10	420
202606010301	wide	8-10-11	130
202606010301	wide	8-8-10-10-11-11	620
202606010302	fukusho	2	270
202606010302	sanrenpuku	2-8-12	1810
202606010302	sanrentan	2-12-8	5330
202606010302	tansho	2	240
202606010302	umaren	2-12	360
202606010302	umatan	2-12	680
202606010302	wide	2-2-12	190
202606010302	wide	2-2-8-8-12-12	820
202606010302	wide	8-12	560
202606010303	fukusho	12	110
202606010303	sanrenpuku	3-9-12	2910
202606010303	sanrentan	12-9-3	19660
202606010303	tansho	12	330
202606010303	umaren	9-12	3670
202606010303	umatan	12-9	5450
202606010303	wide	3-3-9-9-12-12	970
202606010303	wide	3-9	300
202606010303	wide	3-9-12	1110
202606010304	fukusho	11	180
202606010304	sanrenpuku	1-7-11	23970
202606010304	sanrentan	11-1-7	233840
202606010304	tansho	11	1380
202606010304	umaren	1-11	22010
202606010304	umatan	11-1	40460
202606010304	wide	1-1-7-7-11-11	1870
202606010304	wide	1-7	830
202606010304	wide	1-7-11	3990
202606010305	fukusho	14	120
202606010305	sanrenpuku	3-5-14	1320
202606010305	sanrentan	14-5-3	10680
202606010305	tansho	14	610
202606010305	umaren	5-14	1560
202606010305	umatan	14-5	3240
202606010305	wide	3-3-5-5-14-14	260
202606010305	wide	3-5	320
202606010305	wide	3-5-14	500
202606010306	fukusho	15	300
202606010306	sanrenpuku	13-15-16	4890
202606010306	sanrentan	15-13-16	25820
202606010306	tansho	15	400
202606010306	umaren	13-15	1460
202606010306	umatan	15-13	2760
202606010306	wide	13-13-15-15-16-16	1720
202606010306	wide	13-15-15	610
202606010306	wide	13-16	600
202606010307	fukusho	6	170
202606010307	sanrenpuku	6-9-13	1210
202606010307	sanrentan	6-13-9	4030
202606010307	tansho	6	320
202606010307	umaren	6-13	510
202606010307	umatan	6-13	930
202606010307	wide	6-6-13	280
202606010307	wide	6-6-9-9-13-13	430
202606010307	wide	9-13	480
202606010308	fukusho	12	420
202606010308	sanrenpuku	1-7-12	3960
202606010308	sanrentan	12-1-7	11310
202606010308	tansho	12	370
202606010308	umaren	1-12	740
202606010308	umatan	12-1	1230
202606010308	wide	1-1-7-7-12-12	860
202606010308	wide	1-7	1240
202606010308	wide	1-7-12	330
202606010309	fukusho	4	120
202606010309	sanrenpuku	3-4-8	420
202606010309	sanrentan	4-8-3	1880
202606010309	tansho	4	170
202606010309	umaren	4-8	490
202606010309	umatan	4-8	700
202606010309	wide	3-3-4-4-8-8	260
202606010309	wide	3-4-8	210
202606010309	wide	3-8	170
202606010310	fukusho	16	150
202606010310	sanrenpuku	8-12-16	2480
202606010310	sanrentan	16-8-12	25590
202606010310	tansho	16	920
202606010310	umaren	8-16	2540
202606010310	umatan	16-8	5800
202606010310	wide	8-12	530
202606010310	wide	8-12-16	840
202606010310	wide	8-8-12-12-16-16	400
202606010311	fukusho	13	280
202606010311	sanrenpuku	2-4-13	2940
202606010311	sanrentan	13-4-2	11380
202606010311	tansho	13	500
202606010311	umaren	4-13	810
202606010311	umatan	13-4	1860
202606010311	wide	2-2-4-4-13-13	660
202606010311	wide	2-4	990
202606010311	wide	2-4-13	400
202606010312	fukusho	2	170
202606010312	sanrenpuku	1-2-6	1570
202606010312	sanrentan	2-6-1	10370
202606010312	tansho	2	960
202606010312	umaren	2-6	1130
202606010312	umatan	2-6	3020
202606010312	wide	1-1-2-2-6-6	290
202606010312	wide	1-2-6	470
202606010312	wide	1-6	580
202606010401	fukusho	6	130
202606010401	sanrenpuku	4-6-7	520
202606010401	sanrentan	6-4-7	2600
202606010401	tansho	6	340
202606010401	umaren	4-6	440
202606010401	umatan	6-4	1030
202606010401	wide	4-4-6-6-7-7	290
202606010401	wide	4-6-6	200
202606010401	wide	4-7	250
202606010402	fukusho	13	150
202606010402	sanrenpuku	3-4-13	4630
202606010402	sanrentan	13-3-4	49260
202606010402	tansho	13	820
202606010402	umaren	3-13	5590
202606010402	umatan	13-3	11340
202606010402	wide	3-3-4-4-13-13	600
202606010402	wide	3-4	490
202606010402	wide	3-4-13	1480
202606010403	fukusho	16	400
202606010403	sanrenpuku	2-7-16	1540
202606010403	sanrentan	16-7-2	4470
202606010403	tansho	16	220
202606010403	umaren	7-16	200
202606010403	umatan	16-7	440
202606010403	wide	2-2-7-7-16-16	690
202606010403	wide	2-7	890
202606010403	wide	2-7-16	140
202606010404	fukusho	1	1240
202606010404	sanrenpuku	1-2-12	20990
202606010404	sanrentan	1-2-12	56710
202606010404	tansho	1	280
202606010404	umaren	1-2	890
202606010404	umatan	1-2	1970
202606010404	wide	1-1-2	430
202606010404	wide	1-1-2-2-12-12	8350
202606010404	wide	2-12	2350
202606010405	fukusho	2	150
202606010405	sanrenpuku	2-10-13	16120
202606010405	sanrentan	2-13-10	195210
202606010405	tansho	2	5010
202606010405	umaren	2-13	18170
202606010405	umatan	2-13	51790
202606010405	wide	10-13	2650
202606010405	wide	2-2-10-10-13-13	470
202606010405	wide	2-2-13	4640
202606010406	fukusho	15	210
202606010406	sanrenpuku	12-13-15	2380
202606010406	sanrentan	15-13-12	21310
202606010406	tansho	15	950
202606010406	umaren	13-15	780
202606010406	umatan	15-13	2290
202606010406	wide	12-12-13-13-15-15	390
202606010406	wide	12-13	1450
202606010406	wide	12-13-15	380
202606010407	fukusho	9	130
202606010407	sanrenpuku	5-9-12	430
202606010407	sanrentan	9-5-12	1110
202606010407	tansho	9	150
202606010407	umaren	5-9	210
202606010407	umatan	9-5	360
202606010407	wide	5-12	200
202606010407	wide	5-5-9-9-12-12	320
202606010407	wide	5-9-9	140
202606010408	fukusho	7	150
202606010408	sanrenpuku	1-2-7	1010
202606010408	sanrentan	7-1-2	3950
202606010408	tansho	7	140
202606010408	umaren	1-7	940
202606010408	umatan	7-1	1180
202606010408	wide	1-1-2-2-7-7	740
202606010408	wide	1-2	220
202606010408	wide	1-2-7	410
202606010409	fukusho	7	150
202606010409	sanrenpuku	2-7-8	1500
202606010409	sanrentan	7-8-2	5780
202606010409	tansho	7	310
202606010409	umaren	7-8	710
202606010409	umatan	7-8	1330
202606010409	wide	2-2-7-7-8-8	620
202606010409	wide	2-7-8	340
202606010409	wide	2-8	330
202606010410	fukusho	3	500
202606010410	sanrenpuku	3-7-15	49230
202606010410	sanrentan	3-7-15	232890
202606010410	tansho	3	1430
202606010410	umaren	3-7	12640
202606010410	umatan	3-7	18260
202606010410	wide	3-3-7	3590
202606010410	wide	3-3-7-7-15-15	3280
202606010410	wide	7-15	2980
202606010411	fukusho	15	780
202606010411	sanrenpuku	1-4-15	180090
202606010411	sanrentan	15-4-1	879080
202606010411	tansho	15	1100
202606010411	umaren	4-15	17740
202606010411	umatan	15-4	31200
202606010411	wide	1-1-4-4-15-15	11200
202606010411	wide	1-4	5650
202606010411	wide	1-4-15	4850
202606010412	fukusho	12	2830
202606010412	sanrenpuku	11-12-15	109330
202606010412	sanrentan	12-11-15	960140
202606010412	tansho	12	2640
202606010412	umaren	11-12	4440
202606010412	umatan	12-11	15190
202606010412	wide	11-11-12-12-15-15	10920
202606010412	wide	11-12-12	1550
202606010412	wide	11-15	19150
202606010501	fukusho	5	190
202606010501	sanrenpuku	5-8-11	4920
202606010501	sanrentan	5-11-8	64610
202606010501	tansho	5	410
202606010501	umaren	5-11	13370
202606010501	umatan	5-11	19140
202606010501	wide	5-5-11	2950
202606010501	wide	5-5-8-8-11-11	1680
202606010501	wide	8-11	290
202606010502	fukusho	4	200
202606010502	sanrenpuku	1-4-11	1500
202606010502	sanrentan	4-1-11	6240
202606010502	tansho	4	310
202606010502	umaren	1-4	890
202606010502	umatan	4-1	1510
202606010502	wide	1-1-4-4-11-11	630
202606010502	wide	1-11	430
202606010502	wide	1-4-4	350
202606010503	fukusho	1	350
202606010503	sanrenpuku	1-11-15	12220
202606010503	sanrentan	1-11-15	77590
202606010503	tansho	1	1170
202606010503	umaren	1-11	5340
202606010503	umatan	1-11	10440
202606010503	wide	1-1-11	1560
202606010503	wide	1-1-11-11-15-15	1260
202606010503	wide	11-15	1340
202606010504	fukusho	11	170
202606010504	sanrenpuku	4-11-14	3660
202606010504	sanrentan	11-4-14	33880
202606010504	tansho	11	2070
202606010504	umaren	4-11	2570
202606010504	umatan	11-4	6340
202606010504	wide	4-11-11	750
202606010504	wide	4-14	1280
202606010504	wide	4-4-11-11-14-14	350
202606010505	fukusho	15	350
202606010505	sanrenpuku	12-13-15	11640
202606010505	sanrentan	15-12-13	98670
202606010505	tansho	15	2740
202606010505	umaren	12-15	4950
202606010505	umatan	15-12	12200
202606010505	wide	12-12-13-13-15-15	980
202606010505	wide	12-13	2800
202606010505	wide	12-13-15	1590
202606010506	fukusho	11	500
202606010506	sanrenpuku	3-7-11	7340
202606010506	sanrentan	11-7-3	22000
202606010506	tansho	11	290
202606010506	umaren	7-11	620
202606010506	umatan	11-7	1120
202606010506	wide	3-3-7-7-11-11	1680
202606010506	wide	3-7	1660
202606010506	wide	3-7-11	330
202606010507	fukusho	1	130
202606010507	sanrenpuku	1-4-15	2280
202606010507	sanrentan	1-4-15	12680
202606010507	tansho	1	240
202606010507	umaren	1-4	2730
202606010507	umatan	1-4	4280
202606010507	wide	1-1-4	890
202606010507	wide	1-1-4-4-15-15	640
202606010507	wide	4-15	250
202606010508	fukusho	2	290
202606010508	sanrenpuku	1-2-4	1990
202606010508	sanrentan	2-1-4	6890
202606010508	tansho	2	240
202606010508	umaren	1-2	730
202606010508	umatan	2-1	1200
202606010508	wide	1-1-2-2-4-4	940
202606010508	wide	1-2-2	380
202606010508	wide	1-4	460
202606010509	fukusho	2	260
202606010509	sanrenpuku	1-2-10	6370
202606010509	sanrentan	2-1-10	49670
202606010509	tansho	2	1780
202606010509	umaren	1-2	2730
202606010509	umatan	2-1	6090
202606010509	wide	1-1-2-2-10-10	630
202606010509	wide	1-10	1770
202606010509	wide	1-2-2	980
202606010510	fukusho	15	280
202606010510	sanrenpuku	11-13-15	3070
202606010510	sanrentan	15-11-13	8380
202606010510	tansho	15	220
202606010510	umaren	11-15	680
202606010510	umatan	15-11	920
202606010510	wide	11-11-13-13-15-15	890
202606010510	wide	11-13	710
202606010510	wide	11-13-15	320
202606010511	fukusho	4	160
202606010511	sanrenpuku	1-4-8	1410
202606010511	sanrentan	4-1-8	10090
202606010511	tansho	4	690
202606010511	umaren	1-4	1140
202606010511	umatan	4-1	2660
202606010511	wide	1-1-4-4-8-8	350
202606010511	wide	1-4-4	440
202606010511	wide	1-8	620
202606010512	fukusho	1	520
202606010512	sanrenpuku	1-2-6	8210
202606010512	sanrentan	1-6-2	79780
202606010512	tansho	1	2050
202606010512	umaren	1-6	2240
202606010512	umatan	1-6	6840
202606010512	wide	1-1-2-2-6-6	890
202606010512	wide	1-1-6	750
202606010512	wide	2-6	3360
202606010601	fukusho	11	240
202606010601	sanrenpuku	9-11-13	2170
202606010601	sanrentan	11-9-13	7250
202606010601	tansho	11	260
202606010601	umaren	9-11	590
202606010601	umatan	11-9	920
202606010601	wide	9-11-11	250
202606010601	wide	9-13	570
202606010601	wide	9-9-11-11-13-13	900
202606010602	fukusho	13	330
202606010602	sanrenpuku	1-6-13	8540
202606010602	sanrentan	13-6-1	24730
202606010602	tansho	13	170
202606010602	umaren	6-13	1580
202606010602	umatan	13-6	2350
202606010602	wide	1-1-6-6-13-13	3110
202606010602	wide	1-6	560
202606010602	wide	1-6-13	680
202606010603	fukusho	7	340
202606010603	sanrenpuku	6-7-14	10260
202606010603	sanrentan	7-14-6	89190
202606010603	tansho	7	1440
202606010603	umaren	7-14	3090
202606010603	umatan	7-14	7820
202606010603	wide	6-14	2010
202606010603	wide	6-6-7-7-14-14	960
202606010603	wide	6-7-14	1190
202606010604	fukusho	8	160
202606010604	sanrenpuku	1-8-9	3280
202606010604	sanrentan	8-9-1	15910
202606010604	tansho	8	160
202606010604	umaren	8-9	2530
202606010604	umatan	8-9	2760
202606010604	wide	1-1-8-8-9-9	1560
202606010604	wide	1-8-9	680
202606010604	wide	1-9	260
202606010605	fukusho	14	350
202606010605	sanrenpuku	4-5-14	10650
202606010605	sanrentan	14-4-5	39070
202606010605	tansho	14	370
202606010605	umaren	4-14	3100
202606010605	umatan	14-4	4550
202606010605	wide	4-4-5-5-14-14	1680
202606010605	wide	4-5	1170
202606010605	wide	4-5-14	1170
202606010606	fukusho	9	460
202606010606	sanrenpuku	8-9-12	5420
202606010606	sanrentan	9-8-12	21700
202606010606	tansho	9	430
202606010606	umaren	8-9	1040
202606010606	umatan	9-8	1790
202606010606	wide	8-12	1510
202606010606	wide	8-8-9-9-12-12	1430
202606010606	wide	8-9-9	480
202606010607	fukusho	7	290
202606010607	sanrenpuku	1-7-10	4640
202606010607	sanrentan	7-1-10	40220
202606010607	tansho	7	1230
202606010607	umaren	1-7	1870
202606010607	umatan	7-1	5590
202606010607	wide	1-1-7-7-10-10	630
202606010607	wide	1-10	1680
202606010607	wide	1-7-7	710
202606010608	fukusho	11	310
202606010608	sanrenpuku	11-13-14	7250
202606010608	sanrentan	11-13-14	35620
202606010608	tansho	11	580
202606010608	umaren	11-13	3020
202606010608	umatan	11-13	5270
202606010608	wide	11-11-13	870
202606010608	wide	11-11-13-13-14-14	970
202606010608	wide	13-14	860
202606010609	fukusho	1	180
202606010609	sanrenpuku	1-3-4	2280
202606010609	sanrentan	1-4-3	10750
202606010609	tansho	1	350
202606010609	umaren	1-4	1370
202606010609	umatan	1-4	2280
202606010609	wide	1-1-3-3-4-4	660
202606010609	wide	1-1-4	490
202606010609	wide	3-4	370
202606010610	fukusho	3	450
202606010610	sanrenpuku	3-11-12	24430
202606010610	sanrentan	3-11-12	119350
202606010610	tansho	3	670
202606010610	umaren	3-11	5250
202606010610	umatan	3-11	9830
202606010610	wide	11-12	1570
202606010610	wide	3-3-11	1650
202606010610	wide	3-3-11-11-12-12	2820
202606010611	fukusho	8	1590
202606010611	sanrenpuku	5-8-14	93010
202606010611	sanrentan	8-14-5	582210
202606010611	tansho	8	1260
202606010611	umaren	8-14	3330
202606010611	umatan	8-14	7860
202606010611	wide	5-14	13190
202606010611	wide	5-5-8-8-14-14	7050
202606010611	wide	5-8-14	1010
202606010612	fukusho	8	450
202606010612	sanrenpuku	2-8-9	6270
202606010612	sanrentan	8-9-2	26400
202606010612	tansho	8	580
202606010612	umaren	8-9	960
202606010612	umatan	8-9	2060
202606010612	wide	2-2-8-8-9-9	1440
202606010612	wide	2-8-9	420
202606010612	wide	2-9	1650
202606010701	fukusho	10	150
202606010701	sanrenpuku	6-10-12	2910
202606010701	sanrentan	10-6-12	31740
202606010701	tansho	10	1310
202606010701	umaren	6-10	2410
202606010701	umatan	10-6	6130
202606010701	wide	6-10-10	630
202606010701	wide	6-12	850
202606010701	wide	6-6-10-10-12-12	330
202606010702	fukusho	6	930
202606010702	sanrenpuku	3-6-7	179150
202606010702	sanrentan	6-7-3	991090
202606010702	tansho	6	1390
202606010702	umaren	6-7	27590
202606010702	umatan	6-7	58310
202606010702	wide	3-3-6-6-7-7	13110
202606010702	wide	3-6-7	6180
202606010702	wide	3-7	4880
202606010703	fukusho	9	110
202606010703	sanrenpuku	7-8-9	420
202606010703	sanrentan	9-7-8	2680
202606010703	tansho	9	230
202606010703	umaren	7-9	720
202606010703	umatan	9-7	1040
202606010703	wide	7-7-8-8-9-9	280
202606010703	wide	7-8	170
202606010703	wide	7-8-9	250
202606010704	fukusho	7	150
202606010704	sanrenpuku	1-7-12	6590
202606010704	sanrentan	7-12-1	51490
202606010704	tansho	7	310
202606010704	umaren	7-12	6780
202606010704	umatan	7-12	9630
202606010704	wide	1-1-7-7-12-12	2500
202606010704	wide	1-12	240
202606010704	wide	1-7-12	1670
202606010705	fukusho	8	170
202606010705	sanrenpuku	1-6-8	900
202606010705	sanrentan	8-1-6	7370
202606010705	tansho	8	640
202606010705	umaren	1-8	860
202606010705	umatan	8-1	2490
202606010705	wide	1-1-6-6-8-8	320
202606010705	wide	1-6	480
202606010705	wide	1-6-8	360
202606010706	fukusho	6	130
202606010706	sanrenpuku	6-11-14	400
202606010706	sanrentan	6-14-11	2970
202606010706	tansho	6	690
202606010706	umaren	6-14	300
202606010706	umatan	6-14	1060
202606010706	wide	11-14	330
202606010706	wide	6-6-11-11-14-14	210
202606010706	wide	6-6-14	160
202606010707	fukusho	5	550
202606010707	sanrenpuku	1-4-5	5290
202606010707	sanrentan	5-4-1	52730
202606010707	tansho	5	1540
202606010707	umaren	4-5	3370
202606010707	umatan	5-4	10000
202606010707	wide	1-1-4-4-5-5	580
202606010707	wide	1-4	820
202606010707	wide	1-4-5	700
202606010708	fukusho	7	460
202606010708	sanrenpuku	7-8-14	4320
202606010708	sanrentan	7-14-8	25500
202606010708	tansho	7	580
202606010708	umaren	7-14	660
202606010708	umatan	7-14	1930
202606010708	wide	7-7-14	340
202606010708	wide	7-7-8-8-14-14	1010
202606010708	wide	8-14	1790
202606010709	fukusho	7	110
202606010709	sanrenpuku	5-7-8	1600
202606010709	sanrentan	7-5-8	16990
202606010709	tansho	7	910
202606010709	umaren	5-7	2510
202606010709	umatan	7-5	5690
202606010709	wide	5-5-7-7-8-8	270
202606010709	wide	5-7-7	720
202606010709	wide	5-8	480
202606010710	fukusho	14	240
202606010710	sanrenpuku	6-14-16	7450
202606010710	sanrenpuku	6-9-14	9410
202606010710	sanrentan	14-6-16	134850
202606010710	sanrentan	14-6-9	90750
202606010710	tansho	14	4170
202606010710	umaren	6-14	6740
202606010710	umatan	14-6	21050
202606010710	wide	6-14-16	2800
202606010710	wide	6-16	2520
202606010710	wide	6-6-6-9-9-14-14-14-16-16	390
202606010710	wide	6-9-14	1100
202606010711	fukusho	4	150
202606010711	sanrenpuku	4-11-12	2780
202606010711	sanrentan	4-11-12	14410
202606010711	tansho	4	430
202606010711	umaren	4-11	2220
202606010711	umatan	4-11	3330
202606010711	wide	11-12	400
202606010711	wide	4-4-11	850
202606010711	wide	4-4-11-11-12-12	800
202606010712	fukusho	8	430
202606010712	sanrenpuku	6-8-15	7980
202606010712	sanrentan	8-6-15	23740
202606010712	tansho	8	210
202606010712	umaren	6-8	1100
202606010712	umatan	8-6	1810
202606010712	wide	6-15	890
202606010712	wide	6-6-8-8-15-15	3740
202606010712	wide	6-8-8	490
202608010101	fukusho	9	330
202608010101	sanrenpuku	7-9-16	6140
202608010101	sanrentan	9-7-16	21310
202608010101	tansho	9	200
202608010101	umaren	7-9	1750
202608010101	umatan	9-7	2560
202608010101	wide	7-16	650
202608010101	wide	7-7-9-9-16-16	2830
202608010101	wide	7-9-9	870
202608010102	fukusho	2	290
202608010102	sanrenpuku	2-4-14	12630
202608010102	sanrentan	2-4-14	140860
202608010102	tansho	2	4970
202608010102	umaren	2-4	3380
202608010102	umatan	2-4	12750
202608010102	wide	2-2-4	1310
202608010102	wide	2-2-4-4-14-14	460
202608010102	wide	4-14	6640
202608010103	fukusho	11	190
202608010103	sanrenpuku	1-2-11	8490
202608010103	sanrentan	11-2-1	65190
202608010103	tansho	11	580
202608010103	umaren	2-11	5710
202608010103	umatan	11-2	10510
202608010103	wide	1-1-2-2-11-11	1330
202608010103	wide	1-2	590
202608010103	wide	1-2-11	1680
202608010104	fukusho	4	200
202608010104	sanrenpuku	1-4-6	54380
202608010104	sanrentan	4-1-6	463000
202608010104	tansho	4	510
202608010104	umaren	1-4	35570
202608010104	umatan	4-1	49810
202608010104	wide	1-1-4-4-6-6	8320
202608010104	wide	1-4-4	9990
202608010104	wide	1-6	730
202608010105	fukusho	8	490
202608010105	sanrenpuku	2-8-15	123250
202608010105	sanrentan	8-2-15	1595820
202608010105	tansho	8	17060
202608010105	umaren	2-8	24800
202608010105	umatan	8-2	71970
202608010105	wide	2-15	27640
202608010105	wide	2-2-8-8-15-15	1240
202608010105	wide	2-8-8	7130
202608010106	fukusho	2	200
202608010106	sanrenpuku	2-3-4	12860
202608010106	sanrentan	2-4-3	165710
202608010106	tansho	2	5560
202608010106	umaren	2-4	9710
202608010106	umatan	2-4	26810
202608010106	wide	2-2-3-3-4-4	590
202608010106	wide	2-2-4	2790
202608010106	wide	3-4	4330
202608010107	fukusho	2	160
202608010107	sanrenpuku	2-5-10	2230
202608010107	sanrentan	2-10-5	14540
202608010107	tansho	2	1230
202608010107	umaren	2-10	1530
202608010107	umatan	2-10	3500
202608010107	wide	2-2-10	530
202608010107	wide	2-2-5-5-10-10	290
202608010107	wide	5-10	980
202608010108	fukusho	11	230
202608010108	sanrenpuku	1-5-11	1750
202608010108	sanrentan	11-1-5	6840
202608010108	tansho	11	340
202608010108	umaren	1-11	500
202608010108	umatan	11-1	1090
202608010108	wide	1-1-5-5-11-11	610
202608010108	wide	1-5	610
202608010108	wide	1-5-11	230
202608010109	fukusho	9	170
202608010109	sanrenpuku	9-11-13	3930
202608010109	sanrentan	9-11-13	13700
202608010109	tansho	9	130
202608010109	umaren	9-11	2770
202608010109	umatan	9-11	2940
202608010109	wide	11-13	250
202608010109	wide	9-9-11	930
202608010109	wide	9-9-11-11-13-13	2340
202608010110	fukusho	2	230
202608010110	sanrenpuku	2-7-9	1570
202608010110	sanrentan	2-9-7	6480
202608010110	tansho	2	310
202608010110	umaren	2-9	460
202608010110	umatan	2-9	1130
202608010110	wide	2-2-7-7-9-9	520
202608010110	wide	2-2-9	210
202608010110	wide	7-9	510
202608010111	fukusho	15	2710
202608010111	sanrenpuku	10-11-15	243770
202608010111	sanrentan	15-11-10	1096640
202608010111	tansho	15	780
202608010111	umaren	11-15	5310
202608010111	umatan	15-11	9200
202608010111	wide	10-10-11-11-15-15	25080
202608010111	wide	10-11	12150
202608010111	wide	10-11-15	1870
202608010112	fukusho	10	160
202608010112	sanrenpuku	6-10-12	8920
202608010112	sanrentan	10-12-6	67840
202608010112	tansho	10	3140
202608010112	umaren	10-12	5360
202608010112	umatan	10-12	14130
202608010112	wide	6-10-12	1810
202608010112	wide	6-12	2420
202608010112	wide	6-6-10-10-12-12	490
202608010201	fukusho	8	250
202608010201	sanrenpuku	6-8-9	4140
202608010201	sanrentan	8-6-9	23960
202608010201	tansho	8	1220
202608010201	umaren	6-8	1250
202608010201	umatan	8-6	3190
202608010201	wide	6-6-8-8-9-9	540
202608010201	wide	6-8-8	510
202608010201	wide	6-9	1570
202608010202	fukusho	8	170
202608010202	sanrenpuku	5-8-9	3070
202608010202	sanrentan	8-5-9	12450
202608010202	tansho	8	220
202608010202	umaren	5-8	1680
202608010202	umatan	8-5	2160
202608010202	wide	5-5-8-8-9-9	800
202608010202	wide	5-8-8	540
202608010202	wide	5-9	400
202608010203	fukusho	1	220
202608010203	sanrenpuku	1-2-8	1240
202608010203	sanrentan	1-8-2	5240
202608010203	tansho	1	410
202608010203	umaren	1-8	460
202608010203	umatan	1-8	1090
202608010203	wide	1-1-2-2-8-8	450
202608010203	wide	1-1-8	230
202608010203	wide	2-8	700
202608010204	fukusho	9	380
202608010204	sanrenpuku	5-8-9	5120
202608010204	sanrentan	9-8-5	29610
202608010204	tansho	9	780
202608010204	umaren	8-9	1920
202608010204	umatan	9-8	4400
202608010204	wide	5-5-8-8-9-9	890
202608010204	wide	5-8	950
202608010204	wide	5-8-9	680
202608010205	fukusho	2	150
202608010205	sanrenpuku	2-10-15	20210
202608010205	sanrentan	2-10-15	157970
202608010205	tansho	2	330
202608010205	umaren	2-10	21250
202608010205	umatan	2-10	33170
202608010205	wide	10-15	290
202608010205	wide	2-2-10	4700
202608010205	wide	2-2-10-10-15-15	6140
202608010206	fukusho	6	160
202608010206	sanrenpuku	3-6-11	19600
202608010206	sanrentan	6-3-11	232040
202608010206	tansho	6	1750
202608010206	umaren	3-6	19250
202608010206	umatan	6-3	28680
202608010206	wide	3-11	960
202608010206	wide	3-3-6-6-11-11	1420
202608010206	wide	3-6-6	3620
202608010207	fukusho	13	330
202608010207	sanrenpuku	9-10-13	82490
202608010207	sanrentan	13-10-9	543120
202608010207	tansho	13	9970
202608010207	umaren	10-13	27390
202608010207	umatan	13-10	70630
202608010207	wide	9-10	11280
202608010207	wide	9-10-13	7040
202608010207	wide	9-9-10-10-13-13	1480
202608010208	fukusho	6	220
202608010208	sanrenpuku	6-14-15	4560
202608010208	sanrentan	6-14-15	23520
202608010208	tansho	6	570
202608010208	umaren	6-14	2190
202608010208	umatan	6-14	4250
202608010208	wide	14-15	660
202608010208	wide	6-6-14	770
202608010208	wide	6-6-14-14-15-15	690
202608010209	fukusho	3	130
202608010209	sanrenpuku	3-4-6	2050
202608010209	sanrentan	3-4-6	23210
202608010209	tansho	3	1210
202608010209	umaren	3-4	2690
202608010209	umatan	3-4	6600
202608010209	wide	3-3-4	690
202608010209	wide	3-3-4-4-6-6	310
202608010209	wide	4-6	500
202608010210	fukusho	11	110
202608010210	sanrenpuku	11-12-14	780
202608010210	sanrentan	11-12-14	12260
202608010210	tansho	11	1220
202608010210	umaren	11-12	1910
202608010210	umatan	11-12	5090
202608010210	wide	11-11-12	500
202608010210	wide	11-11-12-12-14-14	230
202608010210	wide	12-14	300
202608010211	fukusho	5	120
202608010211	sanrenpuku	2-5-9	530
202608010211	sanrentan	5-9-2	1640
202608010211	tansho	5	230
202608010211	umaren	5-9	440
202608010211	umatan	5-9	640
202608010211	wide	2-2-5-5-9-9	300
202608010211	wide	2-5-9	190
202608010211	wide	2-9	190
202608010212	fukusho	11	320
202608010212	sanrenpuku	9-10-11	2450
202608010212	sanrentan	11-10-9	9970
202608010212	tansho	11	330
202608010212	umaren	10-11	570
202608010212	umatan	11-10	1050
202608010212	wide	9-10	1070
202608010212	wide	9-10-11	260
202608010212	wide	9-9-10-10-11-11	660
202608010301	fukusho	6	200
202608010301	sanrenpuku	3-6-16	860
202608010301	sanrentan	6-3-16	3930
202608010301	tansho	6	340
202608010301	umaren	3-6	290
202608010301	umatan	6-3	570
202608010301	wide	3-16	500
202608010301	wide	3-3-6-6-16-16	320
202608010301	wide	3-6-6	150
202608010302	fukusho	14	130
202608010302	sanrenpuku	2-12-14	940
202608010302	sanrentan	14-12-2	5600
202608010302	tansho	14	330
202608010302	umaren	12-14	840
202608010302	umatan	14-12	1690
202608010302	wide	2-12	290
202608010302	wide	2-12-14	300
202608010302	wide	2-2-12-12-14-14	310
202608010303	fukusho	2	1280
202608010303	sanrenpuku	2-3-4	13990
202608010303	sanrentan	2-4-3	48810
202608010303	tansho	2	300
202608010303	umaren	2-4	940
202608010303	umatan	2-4	1400
202608010303	wide	2-2-3-3-4-4	5260
202608010303	wide	2-2-4	420
202608010303	wide	3-4	3510
202608010304	fukusho	5	110
202608010304	sanrenpuku	3-5-6	730
202608010304	sanrentan	5-3-6	7810
202608010304	tansho	5	590
202608010304	umaren	3-5	1290
202608010304	umatan	5-3	2740
202608010304	wide	3-3-5-5-6-6	260
202608010304	wide	3-5-5	400
202608010304	wide	3-6	240
202608010305	fukusho	6	200
202608010305	sanrenpuku	2-6-11	13350
202608010305	sanrentan	6-11-2	120830
202608010305	tansho	6	2280
202608010305	umaren	6-11	18450
202608010305	umatan	6-11	31750
202608010305	wide	2-11	1070
202608010305	wide	2-2-6-6-11-11	960
202608010305	wide	2-6-11	4090
202608010306	fukusho	6	200
202608010306	sanrenpuku	6-13-14	3210
202608010306	sanrentan	6-13-14	18940
202608010306	tansho	6	620
202608010306	umaren	6-13	1940
202608010306	umatan	6-13	3460
202608010306	wide	13-14	700
202608010306	wide	6-6-13	690
202608010306	wide	6-6-13-13-14-14	610
202608010307	fukusho	9	1540
202608010307	sanrenpuku	4-9-11	808220
202608010307	sanrentan	9-4-11	4544550
202608010307	tansho	9	1730
202608010307	umaren	4-9	65190
202608010307	umatan	9-4	72290
202608010307	wide	4-11	11490
202608010307	wide	4-4-9-9-11-11	50280
202608010307	wide	4-9-9	16350
202608010308	fukusho	5	110
202608010308	sanrenpuku	1-2-5	490
202608010308	sanrentan	5-1-2	3680
202608010308	tansho	5	480
202608010308	umaren	1-5	800
202608010308	umatan	5-1	1700
202608010308	wide	1-1-2-2-5-5	150
202608010308	wide	1-2	220
202608010308	wide	1-2-5	240
202608010309	fukusho	4	270
202608010309	sanrenpuku	3-4-6	1900
202608010309	sanrentan	4-6-3	3540
202608010309	tansho	4	130
202608010309	umaren	4-6	240
202608010309	umatan	4-6	320
202608010309	wide	3-3-4-4-6-6	1120
202608010309	wide	3-4-6	140
202608010309	wide	3-6	550
202608010310	fukusho	10	360
202608010310	sanrenpuku	4-10-12	7870
202608010310	sanrentan	10-4-12	33220
202608010310	tansho	10	480
202608010310	umaren	4-10	2300
202608010310	umatan	10-4	4250
202608010310	wide	4-10-10	1050
202608010310	wide	4-12	1060
202608010310	wide	4-4-10-10-12-12	1740
202608010311	fukusho	4	110
202608010311	sanrenpuku	1-4-8	4490
202608010311	sanrentan	4-1-8	73660
202608010311	tansho	4	1810
202608010311	umaren	1-4	9200
202608010311	umatan	4-1	27390
202608010311	wide	1-1-4-4-8-8	510
202608010311	wide	1-4-4	2440
202608010311	wide	1-8	460
202608010312	fukusho	14	330
202608010312	sanrenpuku	1-8-14	2390
202608010312	sanrentan	14-8-1	10800
202608010312	tansho	14	340
202608010312	umaren	8-14	510
202608010312	umatan	14-8	1050
202608010312	wide	1-1-8-8-14-14	750
202608010312	wide	1-8	1190
202608010312	wide	1-8-14	260
202608010401	fukusho	3	240
202608010401	sanrenpuku	3-6-14	1680
202608010401	sanrentan	3-6-14	6390
202608010401	tansho	3	400
202608010401	umaren	3-6	510
202608010401	umatan	3-6	1130
202608010401	wide	3-3-6	240
202608010401	wide	3-3-6-6-14-14	680
202608010401	wide	6-14	640
202608010402	fukusho	10	250
202608010402	sanrenpuku	3-10-14	11760
202608010402	sanrentan	10-14-3	134780
202608010402	tansho	10	4080
202608010402	umaren	10-14	4090
202608010402	umatan	10-14	12920
202608010402	wide	3-10-14	1420
202608010402	wide	3-14	3620
202608010402	wide	3-3-10-10-14-14	490
202608010403	fukusho	3	140
202608010403	sanrenpuku	1-2-3	2090
202608010403	sanrentan	3-2-1	17820
202608010403	tansho	3	870
202608010403	umaren	2-3	2860
202608010403	umatan	3-2	4750
202608010403	wide	1-1-2-2-3-3	500
202608010403	wide	1-2	450
202608010403	wide	1-2-3	770
202608010404	fukusho	5	110
202608010404	sanrenpuku	3-5-14	990
202608010404	sanrentan	5-14-3	6540
202608010404	tansho	5	490
202608010404	umaren	5-14	860
202608010404	umatan	5-14	1960
202608010404	wide	3-14	240
202608010404	wide	3-3-5-5-14-14	290
202608010404	wide	3-5-14	300
202608010405	fukusho	7	480
202608010405	sanrenpuku	3-5-7	5740
202608010405	sanrentan	7-5-3	16730
202608010405	tansho	7	290
202608010405	umaren	5-7	930
202608010405	umatan	7-5	1650
202608010405	wide	3-3-5-5-7-7	1380
202608010405	wide	3-5	1060
202608010405	wide	3-5-7	370
202608010406	fukusho	13	120
202608010406	sanrenpuku	6-11-13	1520
202608010406	sanrentan	13-6-11	17180
202608010406	tansho	13	810
202608010406	umaren	6-13	2620
202608010406	umatan	13-6	5950
202608010406	wide	6-11	430
202608010406	wide	6-11-13	750
202608010406	wide	6-6-11-11-13-13	260
202608010407	fukusho	12	180
202608010407	sanrenpuku	2-10-12	5340
202608010407	sanrentan	12-2-10	31490
202608010407	tansho	12	830
202608010407	umaren	2-12	2220
202608010407	umatan	12-2	5650
202608010407	wide	2-10	780
202608010407	wide	2-10-12	910
202608010407	wide	2-2-10-10-12-12	830
202608010408	fukusho	15	190
202608010408	sanrenpuku	4-8-15	1860
202608010408	sanrentan	15-4-8	6570
202608010408	tansho	15	250
202608010408	umaren	4-15	740
202608010408	umatan	15-4	1160
202608010408	wide	4-4-8-8-15-15	740
202608010408	wide	4-8	400
202608010408	wide	4-8-15	300
202608010409	fukusho	9	240
202608010409	sanrenpuku	6-7-9	5020
202608010409	sanrentan	9-6-7	27010
202608010409	tansho	9	570
202608010409	umaren	6-9	1860
202608010409	umatan	9-6	3870
202608010409	wide	6-6-7-7-9-9	720
202608010409	wide	6-7	700
202608010409	wide	6-7-9	540
202608010410	fukusho	11	4450
202608010410	sanrenpuku	8-11-15	104210
202608010410	sanrentan	11-8-15	430290
202608010410	tansho	11	600
202608010410	umaren	8-11	1240
202608010410	umatan	11-8	2510
202608010410	wide	8-11-11	540
202608010410	wide	8-15	24840
202608010410	wide	8-8-11-11-15-15	13870
202608010411	fukusho	12	440
202608010411	sanrenpuku	6-12-13	4690
202608010411	sanrentan	12-6-13	20210
202608010411	tansho	12	360
202608010411	umaren	6-12	890
202608010411	umatan	12-6	1490
202608010411	wide	6-12-12	390
202608010411	wide	6-13	1270
202608010411	wide	6-6-12-12-13-13	1530
202608010412	fukusho	12	180
202608010412	sanrenpuku	8-12-14	2730
202608010412	sanrentan	12-8-14	14240
202608010412	tansho	12	390
202608010412	umaren	8-12	1500
202608010412	umatan	12-8	2500
202608010412	wide	8-12-12	560
202608010412	wide	8-14	460
202608010412	wide	8-8-12-12-14-14	980
202608010501	fukusho	14	330
202608010501	sanrenpuku	4-14-15	9150
202608010501	sanrentan	14-4-15	36020
202608010501	tansho	14	370
202608010501	umaren	4-14	2450
202608010501	umatan	14-4	4080
202608010501	wide	4-14-14	940
202608010501	wide	4-15	790
202608010501	wide	4-4-14-14-15-15	1530
202608010502	fukusho	7	120
202608010502	sanrenpuku	3-7-10	660
202608010502	sanrentan	7-3-10	2070
202608010502	tansho	7	170
202608010502	umaren	3-7	540
202608010502	umatan	7-3	700
202608010502	wide	3-10	180
202608010502	wide	3-3-7-7-10-10	390
202608010502	wide	3-7-7	240
202608010503	fukusho	11	190
202608010503	sanrenpuku	11-13-16	29540
202608010503	sanrentan	11-16-13	207860
202608010503	tansho	11	670
202608010503	umaren	11-16	24730
202608010503	umatan	11-16	40300
202608010503	wide	11-11-13-13-16-16	4090
202608010503	wide	11-11-16	4290
202608010503	wide	13-16	600
202608010504	fukusho	10	880
202608010504	sanrenpuku	5-10-16	12580
202608010504	sanrentan	10-16-5	58820
202608010504	tansho	10	450
202608010504	umaren	10-16	790
202608010504	umatan	10-16	1640
202608010504	wide	5-10-16	350
202608010504	wide	5-16	4390
202608010504	wide	5-5-10-10-16-16	2420
202608010505	fukusho	6	660
202608010505	sanrenpuku	5-6-7	6720
202608010505	sanrentan	6-5-7	20090
202608010505	tansho	6	340
202608010505	umaren	5-6	710
202608010505	umatan	6-5	1120
202608010505	wide	5-5-6-6-7-7	2610
202608010505	wide	5-6-6	350
202608010505	wide	5-7	1930
202608010506	fukusho	8	140
202608010506	sanrenpuku	2-4-8	1840
202608010506	sanrentan	8-4-2	10360
202608010506	tansho	8	660
202608010506	umaren	4-8	1240
202608010506	umatan	8-4	2470
202608010506	wide	2-2-4-4-8-8	270
202608010506	wide	2-4	600
202608010506	wide	2-4-8	400
202608010507	fukusho	14	1030
202608010507	sanrenpuku	12-13-14	32060
202608010507	sanrentan	14-13-12	144150
202608010507	tansho	14	730
202608010507	umaren	13-14	3450
202608010507	umatan	14-13	6980
202608010507	wide	12-12-13-13-14-14	4190
202608010507	wide	12-13	4000
202608010507	wide	12-13-14	1110
202608010508	fukusho	7	130
202608010508	sanrenpuku	5-7-10	2330
202608010508	sanrentan	7-5-10	12950
202608010508	tansho	7	700
202608010508	umaren	5-7	2260
202608010508	umatan	7-5	4170
202608010508	wide	5-10	440
202608010508	wide	5-5-7-7-10-10	350
202608010508	wide	5-7-7	640
202608010509	fukusho	10	380
202608010509	sanrenpuku	3-9-10	26700
202608010509	sanrentan	10-3-9	117900
202608010509	tansho	10	310
202608010509	umaren	3-10	6980
202608010509	umatan	10-3	10550
202608010509	wide	3-3-9-9-10-10	6830
202608010509	wide	3-9	900
202608010509	wide	3-9-10	2010
202608010510	fukusho	15	200
202608010510	sanrenpuku	8-14-15	6780
202608010510	sanrentan	15-14-8	37470
202608010510	tansho	15	470
202608010510	umaren	14-15	5540
202608010510	umatan	15-14	7810
202608010510	wide	8-14	460
202608010510	wide	8-14-15	1820
202608010510	wide	8-8-14-14-15-15	1580
202608010511	fukusho	3	240
202608010511	sanrenpuku	1-3-16	18730
202608010511	sanrentan	3-16-1	142040
202608010511	tansho	3	1950
202608010511	umaren	3-16	7000
202608010511	umatan	3-16	19190
202608010511	wide	1-1-3-3-16-16	950
202608010511	wide	1-16	2370
202608010511	wide	1-3-16	2260
202608010512	fukusho	9	530
202608010512	sanrenpuku	7-8-9	15370
202608010512	sanrentan	9-8-7	85730
202608010512	tansho	9	1030
202608010512	umaren	8-9	2360
202608010512	umatan	9-8	5550
202608010512	wide	7-7-8-8-9-9	1780
202608010512	wide	7-8	2080
202608010512	wide	7-8-9	780
202608010601	fukusho	8	160
202608010601	sanrenpuku	4-6-8	930
202608010601	sanrentan	8-4-6	1950
202608010601	tansho	8	110
202608010601	umaren	4-8	420
202608010601	umatan	8-4	550
202608010601	wide	4-4-6-6-8-8	610
202608010601	wide	4-6	190
202608010601	wide	4-6-8	240
202608010602	fukusho	3	120
202608010602	sanrenpuku	3-8-11	1010
202608010602	sanrentan	3-8-11	5800
202608010602	tansho	3	570
202608010602	umaren	3-8	960
202608010602	umatan	3-8	2200
202608010602	wide	3-3-8	390
202608010602	wide	3-3-8-8-11-11	250
202608010602	wide	8-11	300
202608010603	fukusho	10	130
202608010603	sanrenpuku	8-10-12	800
202608010603	sanrentan	10-12-8	3630
202608010603	tansho	10	280
202608010603	umaren	10-12	610
202608010603	umatan	10-12	1200
202608010603	wide	8-10-12	260
202608010603	wide	8-12	260
202608010603	wide	8-8-10-10-12-12	310
202608010604	fukusho	1	140
202608010604	sanrenpuku	1-8-13	2020
202608010604	sanrentan	1-8-13	12500
202608010604	tansho	1	680
202608010604	umaren	1-8	1470
202608010604	umatan	1-8	3030
202608010604	wide	1-1-8	520
202608010604	wide	1-1-8-8-13-13	340
202608010604	wide	8-13	510
202608010605	fukusho	9	190
202608010605	sanrenpuku	6-9-18	5140
202608010605	sanrentan	9-6-18	28430
202608010605	tansho	9	430
202608010605	umaren	6-9	2690
202608010605	umatan	9-6	4070
202608010605	wide	6-18	470
202608010605	wide	6-6-9-9-18-18	1270
202608010605	wide	6-9-9	910
202608010606	fukusho	5	200
202608010606	sanrenpuku	3-4-5	1520
202608010606	sanrentan	5-4-3	4600
202608010606	tansho	5	220
202608010606	umaren	4-5	620
202608010606	umatan	5-4	940
202608010606	wide	3-3-4-4-5-5	620
202608010606	wide	3-4	340
202608010606	wide	3-4-5	270
202608010607	fukusho	9	290
202608010607	sanrenpuku	3-9-16	1870
202608010607	sanrentan	9-16-3	8370
202608010607	tansho	9	450
202608010607	umaren	9-16	380
202608010607	umatan	9-16	900
202608010607	wide	3-16	980
202608010607	wide	3-3-9-9-16-16	540
202608010607	wide	3-9-16	200
202608010608	fukusho	8	120
202608010608	sanrenpuku	2-5-8	360
202608010608	sanrentan	8-2-5	1540
202608010608	tansho	8	260
202608010608	umaren	2-8	280
202608010608	umatan	8-2	580
202608010608	wide	2-2-5-5-8-8	180
202608010608	wide	2-5	200
202608010608	wide	2-5-8	140
202608010609	fukusho	9	1070
202608010609	sanrenpuku	2-9-10	9160
202608010609	sanrentan	9-2-10	28950
202608010609	tansho	9	410
202608010609	umaren	2-9	730
202608010609	umatan	9-2	1360
202608010609	wide	2-10	3030
202608010609	wide	2-2-9-9-10-10	2600
202608010609	wide	2-9-9	360
202608010610	fukusho	9	140
202608010610	sanrenpuku	1-4-9	860
202608010610	sanrentan	9-1-4	2590
202608010610	tansho	9	160
202608010610	umaren	1-9	560
202608010610	umatan	9-1	630
202608010610	wide	1-1-4-4-9-9	570
202608010610	wide	1-4	180
202608010610	wide	1-4-9	220
202608010611	fukusho	5	500
202608010611	sanrenpuku	2-4-5	109380
202608010611	sanrentan	5-2-4	678780
202608010611	tansho	5	630
202608010611	umaren	2-5	46090
202608010611	umatan	5-2	74980
202608010611	wide	2-2-4-4-5-5	12380
202608010611	wide	2-4	1600
202608010611	wide	2-4-5	8960
202608010612	fukusho	8	380
202608010612	sanrenpuku	1-8-17	73560
202608010612	sanrentan	8-17-1	521030
202608010612	tansho	8	2160
202608010612	umaren	8-17	30780
202608010612	umatan	8-17	51670
202608010612	wide	1-1-8-8-17-17	4170
202608010612	wide	1-17	2870
202608010612	wide	1-8-17	8300
202608010701	fukusho	7	110
202608010701	sanrenpuku	3-7-10	670
202608010701	sanrentan	7-10-3	5180
202608010701	tansho	7	500
202608010701	umaren	7-10	880
202608010701	umatan	7-10	1830
202608010701	wide	3-10	200
202608010701	wide	3-3-7-7-10-10	240
202608010701	wide	3-7-10	310
202608010702	fukusho	12	200
202608010702	sanrenpuku	1-6-12	2220
202608010702	sanrentan	12-1-6	9560
202608010702	tansho	12	260
202608010702	umaren	1-12	1200
202608010702	umatan	12-1	1850
202608010702	wide	1-1-6-6-12-12	940
202608010702	wide	1-6	380
202608010702	wide	1-6-12	500
202608010703	fukusho	14	130
202608010703	sanrenpuku	7-12-14	1670
202608010703	sanrentan	14-7-12	20750
202608010703	tansho	14	1500
202608010703	umaren	7-14	2530
202608010703	umatan	14-7	6730
202608010703	wide	7-12	480
202608010703	wide	7-12-14	730
202608010703	wide	7-7-12-12-14-14	220
202608010704	fukusho	8	590
202608010704	sanrenpuku	6-8-9	5180
202608010704	sanrentan	8-9-6	9460
202608010704	tansho	8	130
202608010704	umaren	8-9	310
202608010704	umatan	8-9	370
202608010704	wide	6-6-8-8-9-9	3320
202608010704	wide	6-8-9	170
202608010704	wide	6-9	1380
202608010705	fukusho	4	650
202608010705	sanrenpuku	4-15-17	6100
202608010705	sanrentan	4-15-17	23400
202608010705	tansho	4	490
202608010705	umaren	4-15	630
202608010705	umatan	4-15	1480
202608010705	wide	15-17	2070
202608010705	wide	4-4-15	300
202608010705	wide	4-4-15-15-17-17	1300
202608010706	fukusho	4	260
202608010706	sanrenpuku	4-12-18	8180
202608010706	sanrentan	4-18-12	31900
202608010706	tansho	4	300
202608010706	umaren	4-18	2570
202608010706	umatan	4-18	3580
202608010706	wide	12-18	630
202608010706	wide	4-4-12-12-18-18	1930
202608010706	wide	4-4-18	830
202608010707	fukusho	5	140
202608010707	sanrenpuku	5-9-10	2120
202608010707	sanrentan	5-10-9	16570
202608010707	tansho	5	860
202608010707	umaren	5-10	2010
202608010707	umatan	5-10	4650
202608010707	wide	5-5-10	650
202608010707	wide	5-5-9-9-10-10	310
202608010707	wide	9-10	450
202608010708	fukusho	7	120
202608010708	sanrenpuku	6-7-8	1290
202608010708	sanrentan	7-6-8	12250
202608010708	tansho	7	900
202608010708	umaren	6-7	1880
202608010708	umatan	7-6	3950
202608010708	wide	6-6-7-7-8-8	220
202608010708	wide	6-7-7	530
202608010708	wide	6-8	450
202608010709	fukusho	3	230
202608010709	sanrenpuku	3-8-10	44140
202608010709	sanrentan	3-10-8	405540
202608010709	tansho	3	1470
202608010709	umaren	3-10	39160
202608010709	umatan	3-10	81670
202608010709	wide	3-3-10	11430
202608010709	wide	3-3-8-8-10-10	5800
202608010709	wide	8-10	800
202608010710	fukusho	12	160
202608010710	sanrenpuku	8-12-13	3280
202608010710	sanrentan	12-13-8	18260
202608010710	tansho	12	340
202608010710	umaren	12-13	2720
202608010710	umatan	12-13	4730
202608010710	wide	8-12-13	990
202608010710	wide	8-13	330
202608010710	wide	8-8-12-12-13-13	1200
202608010711	fukusho	6	430
202608010711	sanrenpuku	6-7-9	14610
202608010711	sanrentan	6-7-9	50950
202608010711	tansho	6	230
202608010711	umaren	6-7	2430
202608010711	umatan	6-7	3210
202608010711	wide	6-6-7	1000
202608010711	wide	6-6-7-7-9-9	4940
202608010711	wide	7-9	860
202608010712	fukusho	3	120
202608010712	sanrenpuku	1-3-11	480
202608010712	sanrentan	3-1-11	5460
202608010712	tansho	3	1320
202608010712	umaren	1-3	480
202608010712	umatan	3-1	1760
202608010712	wide	1-1-3-3-11-11	130
202608010712	wide	1-11	390
202608010712	wide	1-3-3	170
