date,race_id,strategy,model_score,n_points,stake,return,profit,hit,venue,roi
2026-01-17,202606010601,umaren_box5,0.1974323462922527,10,1000.0,590.0,-410.0,1,中山,59.0
2026-01-17,202606010602,umatan_box5,0.1213294569424396,20,2000.0,0.0,-2000.0,0,中山,0.0
2026-01-17,202606010603,umaren_box5,0.215285290446957,10,1000.0,0.0,-1000.0,0,中山,0.0
2026-01-17,202606010604,tansho_minodds_top5,0.1106384877360966,5,500.0,160.0,-340.0,1,中山,32.0
2026-01-17,202606010605,wide_box5,0.2059984407458919,10,1000.0,4020.0,3020.0,1,中山,402.0
2026-01-17,202606010606,umatan_box4,0.0890791860130317,12,1200.0,1790.0,590.0,1,中山,149.16666666666666
2026-01-17,202606010607,umatan_box5,0.0921845841508942,20,2000.0,0.0,-2000.0,0,中山,0.0
2026-01-17,202606010608,tansho_minodds_top5,0.1671255420026839,5,500.0,580.0,80.0,1,中山,116.0
2026-01-17,202606010609,umaren_box5,0.0980783662970312,10,1000.0,0.0,-1000.0,0,中山,0.0
2026-01-17,202606010610,umaren_box5,0.2127005638001416,10,1000.0,5250.0,4250.0,1,中山,525.0
2026-01-17,202606010611,umaren_box5,0.2283409566891624,10,1000.0,0.0,-1000.0,0,中山,0.0
2026-01-17,202606010612,wide_box5,0.1210798968629581,10,1000.0,420.0,-580.0,1,中山,42.0
2026-01-17,202608010601,umatan_box5,0.157361840759517,20,2000.0,0.0,-2000.0,0,京都,0.0
2026-01-17,202608010602,umaren_box5,0.2845392317913554,10,1000.0,0.0,-1000.0,0,京都,0.0
2026-01-17,202608010603,wide_box5,0.0908223385795945,10,1000.0,830.0,-170.0,1,京都,83.0
2026-01-17,202608010604,wide_box5,0.0990548707581909,10,1000.0,0.0,-1000.0,0,京都,0.0
2026-01-17,202608010605,umaren_nagashi5,0.107882081149025,4,400.0,0.0,-400.0,0,京都,0.0
2026-01-17,202608010606,umaren_box5,0.1283657413971164,10,1000.0,620.0,-380.0,1,京都,62.0
2026-01-17,202608010607,umaren_box5,0.1318083624503168,10,1000.0,380.0,-620.0,1,京都,38.0
2026-01-17,202608010608,umaren_box5,0.0963788890645875,10,1000.0,280.0,-720.0,1,京都,28.000000000000004
2026-01-17,202608010609,umaren_box5,0.150108141831808,10,1000.0,0.0,-1000.0,0,京都,0.0
2026-01-17,202608010610,tansho_minodds_top5,0.0931065062327224,5,500.0,160.0,-340.0,1,京都,32.0
2026-01-17,202608010611,tansho_minodds_top5,0.2093184948250029,5,500.0,630.0,130.0,1,京都,126.0
2026-01-17,202608010612,wide_box5,0.1341763811893875,10,1000.0,0.0,-1000.0,0,京都,0.0
2026-01-18,202606010701,umaren_box5,0.2434728053115558,10,1000.0,0.0,-1000.0,0,中山,0.0
2026-01-18,202606010702,umaren_box5,0.0924043724332893,10,1000.0,0.0,-1000.0,0,中山,0.0
2026-01-18,202606010703,tansho_minodds_top5,0.1836006728775842,5,500.0,230.0,-270.0,1,中山,46.0
2026-01-18,202606010704,umaren_nagashi5,0.2952116304147632,4,400.0,0.0,-400.0,0,中山,0.0
2026-01-18,202606010705,umaren_box5,0.1495913100340009,10,1000.0,0.0,-1000.0,0,中山,0.0
2026-01-18,202606010706,umaren_nagashi5,0.1758298899372482,4,400.0,300.0,-100.0,1,中山,75.0
2026-01-18,202606010707,wide_box5,0.1810131033625441,10,1000.0,2100.0,1100.0,1,中山,210.0
2026-01-18,202606010708,wide_box5,0.1215648705936076,10,1000.0,1010.0,10.0,1,中山,101.0
2026-01-18,202606010709,wide_box5,0.246328553540616,10,1000.0,480.0,-520.0,1,中山,48.0
2026-01-18,202606010710,tansho_minodds_top5,0.0877492808227855,5,500.0,0.0,-500.0,0,中山,0.0
2026-01-18,202606010711,wide_box5,0.1488306656999349,10,1000.0,2050.0,1050.0,1,中山,205.0
2026-01-18,202606010712,umaren_box5,0.1789323308014271,10,1000.0,1100.0,100.0,1,中山,110.0
2026-01-18,202608010701,umaren_box5,0.2499644908681459,10,1000.0,880.0,-120.0,1,京都,88.0
2026-01-18,202608010702,umatan_box5,0.0934746679280615,20,2000.0,1850.0,-150.0,1,京都,92.5
2026-01-18,202608010703,umaren_nagashi5,0.1795698097071772,4,400.0,2530.0,2130.0,1,京都,632.5
2026-01-18,202608010704,umaren_nagashi5,0.235319844772818,4,400.0,0.0,-400.0,0,京都,0.0
2026-01-18,202608010705,umaren_nagashi5,0.264227413880501,4,400.0,0.0,-400.0,0,京都,0.0
2026-01-18,202608010706,umaren_nagashi5,0.1968437306314147,4,400.0,2570.0,2170.0,1,京都,642.5
2026-01-18,202608010707,umaren_box5,0.162390818630051,10,1000.0,2010.0,1010.0,1,京都,201.0
2026-01-18,202608010708,umaren_box5,0.1538252106603212,10,1000.0,1880.0,880.0,1,京都,188.0
2026-01-18,202608010709,umaren_box5,0.1708087615751666,10,1000.0,0.0,-1000.0,0,京都,0.0
2026-01-18,202608010710,tansho_minodds_top5,0.1203491394373741,5,500.0,340.0,-160.0,1,京都,68.0
2026-01-18,202608010711,umaren_box5,0.1433375905390086,10,1000.0,0.0,-1000.0,0,京都,0.0
2026-01-18,202608010712,umaren_box5,0.149164160753218,10,1000.0,0.0,-1000.0,0,京都,0.0
2026-01-24,202606010801,wide_box5,0.1323089886806066,10,1000.0,660.0,-340.0,1,中山,66.0
2026-01-24,202606010802,umaren_nagashi5,0.2711143868451801,4,400.0,0.0,-400.0,0,中山,0.0
2026-01-24,202606010803,umaren_nagashi5,0.2342329700759578,4,400.0,0.0,-400.0,0,中山,0.0
2026-01-24,202606010804,umaren_box5,0.1998359264990114,10,1000.0,0.0,-1000.0,0,中山,0.0
2026-01-24,202606010805,umaren_nagashi5,0.2743158524003102,4,400.0,0.0,-400.0,0,中山,0.0
2026-01-24,202606010806,umatan_box4,0.2059004544944645,12,1200.0,0.0,-1200.0,0,中山,0.0
2026-01-24,202606010807,umatan_box4,0.1518982437458585,12,1200.0,0.0,-1200.0,0,中山,0.0
2026-01-24,202606010808,umaren_nagashi5,0.175923043905953,4,400.0,0.0,-400.0,0,中山,0.0
2026-01-24,202606010809,umatan_box4,0.1498711818124587,12,1200.0,0.0,-1200.0,0,中山,0.0
2026-01-24,202606010810,umatan_box4,0.1180236006902372,12,1200.0,0.0,-1200.0,0,中山,0.0
2026-01-24,202606010811,umaren_box5,0.1622787625986592,10,1000.0,1590.0,590.0,1,中山,159.0
2026-01-24,202606010812,tansho_minodds_top5,0.0913548131471332,5,500.0,180.0,-320.0,1,中山,36.0
2026-01-24,202608010801,wide_box5,0.1660488985830273,10,1000.0,0.0,-1000.0,0,京都,0.0
2026-01-24,202608010802,umaren_nagashi5,0.2483399333962188,4,400.0,0.0,-400.0,0,京都,0.0
2026-01-24,202608010803,umaren_nagashi5,0.2663469642754454,4,400.0,0.0,-400.0,0,京都,0.0
2026-01-24,202608010804,umaren_nagashi5,0.2533745744084441,4,400.0,0.0,-400.0,0,京都,0.0
2026-01-24,202608010805,umaren_nagashi5,0.2409353923410992,4,400.0,0.0,-400.0,0,京都,0.0
2026-01-24,202608010806,umaren_nagashi5,0.1978827377969736,4,400.0,0.0,-400.0,0,京都,0.0
2026-01-24,202608010807,wide_box5,0.1339907843220183,10,1000.0,0.0,-1000.0,0,京都,0.0
2026-01-24,202608010808,tansho_minodds_top5,0.1171603136915121,5,500.0,0.0,-500.0,0,京都,0.0
2026-01-24,202608010809,umaren_nagashi5,0.2651425406173968,4,400.0,0.0,-400.0,0,京都,0.0
2026-01-24,202608010810,umaren_box5,0.2416584436395942,10,1000.0,0.0,-1000.0,0,京都,0.0
2026-01-24,202608010811,umaren_nagashi5,0.1169797783872795,4,400.0,0.0,-400.0,0,京都,0.0
2026-01-24,202608010812,umaren_nagashi5,0.1621684126037253,4,400.0,0.0,-400.0,0,京都,0.0
2026-01-24,202610010101,umaren_box5,0.1029481763553786,10,1000.0,1410.0,410.0,1,小倉,141.0
2026-01-24,202610010102,umaren_nagashi5,0.1988388103582389,4,400.0,0.0,-400.0,0,小倉,0.0
2026-01-24,202610010103,wide_box5,0.1926627317779354,10,1000.0,280.0,-720.0,1,小倉,28.000000000000004
2026-01-24,202610010104,umatan_box4,0.1406878786245477,12,1200.0,0.0,-1200.0,0,小倉,0.0
2026-01-24,202610010105,umaren_box5,0.2202359359527267,10,1000.0,0.0,-1000.0,0,小倉,0.0
2026-01-24,202610010106,umaren_nagashi5,0.2055268677169288,4,400.0,0.0,-400.0,0,小倉,0.0
2026-01-24,202610010107,umaren_nagashi5,0.1398611083289174,4,400.0,0.0,-400.0,0,小倉,0.0
2026-01-24,202610010108,umaren_box5,0.2809076933308893,10,1000.0,200.0,-800.0,1,小倉,20.0
2026-01-24,202610010109,wide_box5,0.1026838024243948,10,1000.0,1020.0,20.0,1,小倉,102.0
2026-01-24,202610010110,wide_box5,0.1013386658941677,10,1000.0,480.0,-520.0,1,小倉,48.0
2026-01-24,202610010111,umaren_box5,0.1950280925301274,10,1000.0,0.0,-1000.0,0,小倉,0.0
2026-01-24,202610010112,umaren_box5,0.1744596302732615,10,1000.0,0.0,-1000.0,0,小倉,0.0
2026-01-25,202606010901,umatan_box4,0.1258057849705646,12,1200.0,1460.0,260.0,1,中山,121.66666666666666
2026-01-25,202606010902,umaren_box5,0.1126537977750437,10,1000.0,0.0,-1000.0,0,中山,0.0
2026-01-25,202606010903,umaren_box5,0.1588240115506745,10,1000.0,0.0,-1000.0,0,中山,0.0
2026-01-25,202606010904,umaren_nagashi5,0.2676570960135999,4,400.0,0.0,-400.0,0,中山,0.0
2026-01-25,202606010905,wide_box5,0.1588068582541546,10,1000.0,0.0,-1000.0,0,中山,0.0
2026-01-25,202606010906,umatan_box4,0.1072113001409905,12,1200.0,0.0,-1200.0,0,中山,0.0
2026-01-25,202606010907,umaren_box5,0.1707011870693651,10,1000.0,0.0,-1000.0,0,中山,0.0
2026-01-25,202606010908,wide_box5,0.1654610588276744,10,1000.0,0.0,-1000.0,0,中山,0.0
2026-01-25,202606010909,umaren_box5,0.1199590362106803,10,1000.0,0.0,-1000.0,0,中山,0.0
2026-01-25,202606010910,umatan_box4,0.1018870171277632,12,1200.0,0.0,-1200.0,0,中山,0.0
2026-01-25,202606010911,umatan_box4,0.1025649532868317,12,1200.0,0.0,-1200.0,0,中山,0.0
2026-01-25,202606010912,umatan_box4,0.0909980818657935,12,1200.0,0.0,-1200.0,0,中山,0.0
2026-01-25,202608010901,umaren_nagashi5,0.2420801001488872,4,400.0,0.0,-400.0,0,京都,0.0
2026-01-25,202608010902,umaren_nagashi5,0.2523815058757033,4,400.0,1970.0,1570.0,1,京都,492.5
2026-01-25,202608010903,umaren_nagashi5,0.1951319477710422,4,400.0,0.0,-400.0,0,京都,0.0
2026-01-25,202608010904,tansho_minodds_top5,0.1592829147279447,5,500.0,0.0,-500.0,0,京都,0.0
2026-01-25,202608010905,wide_box5,0.2124364065227372,10,1000.0,0.0,-1000.0,0,京都,0.0
2026-01-25,202608010906,umaren_nagashi5,0.1777488607447602,4,400.0,0.0,-400.0,0,京都,0.0
2026-01-25,202608010907,umatan_box4,0.1049362393005317,12,1200.0,0.0,-1200.0,0,京都,0.0
2026-01-25,202608010908,umaren_box5,0.1127438829453311,10,1000.0,1140.0,140.0,1,京都,114.0
2026-01-25,202608010909,tansho_minodds_top5,0.0996863004108216,5,500.0,350.0,-150.0,1,京都,70.0
2026-01-25,202608010910,wide_box5,0.2037301700660231,10,1000.0,4170.0,3170.0,1,京都,417.0
2026-01-25,202608010911,umatan_box4,0.1174102284049598,12,1200.0,0.0,-1200.0,0,京都,0.0
2026-01-25,202608010912,umatan_box4,0.1723755208881213,12,1200.0,0.0,-1200.0,0,京都,0.0
2026-01-25,202610010201,wide_box5,0.1039627263133702,10,1000.0,0.0,-1000.0,0,小倉,0.0
2026-01-25,202610010202,umaren_box5,0.1350967138994144,10,1000.0,0.0,-1000.0,0,小倉,0.0
2026-01-25,202610010203,umaren_nagashi5,0.1799135312662189,4,400.0,0.0,-400.0,0,小倉,0.0
2026-01-25,202610010204,wide_box5,0.1506490608895784,10,1000.0,0.0,-1000.0,0,小倉,0.0
2026-01-25,202610010205,wide_box5,0.1866601716525457,10,1000.0,810.0,-190.0,1,小倉,81.0
2026-01-25,202610010206,umaren_box5,0.1624003870490477,10,1000.0,0.0,-1000.0,0,小倉,0.0
2026-01-25,202610010207,tansho_minodds_top5,0.1652843887949769,5,500.0,0.0,-500.0,0,小倉,0.0
2026-01-25,202610010208,umaren_box5,0.1790565972386171,10,1000.0,0.0,-1000.0,0,小倉,0.0
2026-01-25,202610010209,tansho_minodds_top5,0.1220187401441301,5,500.0,0.0,-500.0,0,小倉,0.0
2026-01-25,202610010210,umaren_nagashi5,0.1901910497648618,4,400.0,0.0,-400.0,0,小倉,0.0
2026-01-25,202610010211,umaren_box5,0.1617280222844172,10,1000.0,0.0,-1000.0,0,小倉,0.0
2026-01-25,202610010212,umaren_box5,0.1922060192060112,10,1000.0,0.0,-1000.0,0,小倉,0.0
2026-01-31,202605010101,umaren_box5,0.117989657321454,10,1000.0,2030.0,1030.0,1,東京,203.0
2026-01-31,202605010102,wide_box5,0.1617383549197329,10,1000.0,2370.0,1370.0,1,東京,237.0
2026-01-31,202605010103,umaren_box5,0.2145666632999546,10,1000.0,5450.0,4450.0,1,東京,545.0
2026-01-31,202605010104,umaren_nagashi5,0.2533745744084441,4,400.0,0.0,-400.0,0,東京,0.0
2026-01-31,202605010105,tansho_p1,0.0929396619124874,1,100.0,0.0,-100.0,0,東京,0.0
2026-01-31,202605010106,umaren_box5,0.1152187782820587,10,1000.0,1120.0,120.0,1,東京,112.0
2026-01-31,202605010107,wide_box5,0.1780871052382746,10,1000.0,0.0,-1000.0,0,東京,0.0
2026-01-31,202605010108,umaren_box5,0.123396382592548,10,1000.0,850.0,-150.0,1,東京,85.0
2026-01-31,202605010109,wide_box5,0.2016145298338369,10,1000.0,470.0,-530.0,1,東京,47.0
2026-01-31,202605010110,wide_box5,0.112651423611404,10,1000.0,0.0,-1000.0,0,東京,0.0
2026-01-31,202605010111,umaren_box5,0.0910763091977946,10,1000.0,1420.0,420.0,1,東京,142.0
2026-01-31,202605010112,tansho_minodds_top5,0.1851012326277094,5,500.0,340.0,-160.0,1,東京,68.0
2026-01-31,202608020101,tansho_minodds_top5,0.1755043108225596,5,500.0,210.0,-290.0,1,京都,42.0
2026-01-31,202608020102,umatan_box5,0.0776923638674569,20,2000.0,790.0,-1210.0,1,京都,39.5
2026-01-31,202608020103,umaren_nagashi5,0.1185238624274583,4,400.0,400.0,0.0,1,京都,100.0
2026-01-31,202608020104,umaren_box5,0.2336781469149076,10,1000.0,370.0,-630.0,1,京都,37.0
2026-01-31,202608020105,wide_box5,0.1422806908551334,10,1000.0,380.0,-620.0,1,京都,38.0
2026-01-31,202608020106,umaren_box5,0.1359708485620809,10,1000.0,0.0,-1000.0,0,京都,0.0
2026-01-31,202608020107,umaren_box5,0.103120236877957,10,1000.0,1600.0,600.0,1,京都,160.0
2026-01-31,202608020108,wide_box5,0.1336562233210835,10,1000.0,550.0,-450.0,1,京都,55.00000000000001
2026-01-31,202608020109,sanrentan_box5,0.1185935385486742,60,6000.0,0.0,-6000.0,0,京都,0.0
2026-01-31,202608020110,umaren_box5,0.1734906431930666,10,1000.0,0.0,-1000.0,0,京都,0.0
2026-01-31,202608020111,tansho_minodds_top5,0.1249899540382886,5,500.0,220.0,-280.0,1,京都,44.0
2026-01-31,202608020112,wide_box5,0.0857646177870379,10,1000.0,0.0,-1000.0,0,京都,0.0
2026-01-31,202610010301,umaren_box5,0.1228826422669036,10,1000.0,360.0,-640.0,1,小倉,36.0
2026-01-31,202610010302,umaren_nagashi5,0.1132003191951859,4,400.0,1490.0,1090.0,1,小倉,372.5
2026-01-31,202610010303,wide_box5,0.125902179228592,10,1000.0,830.0,-170.0,1,小倉,83.0
2026-01-31,202610010304,umaren_box5,0.118747192067366,10,1000.0,0.0,-1000.0,0,小倉,0.0
2026-01-31,202610010305,umaren_box5,0.0823036863156337,10,1000.0,710.0,-290.0,1,小倉,71.0
2026-01-31,202610010306,umaren_box5,0.1480840646240192,10,1000.0,0.0,-1000.0,0,小倉,0.0
2026-01-31,202610010307,wide_box5,0.1288856550840446,10,1000.0,0.0,-1000.0,0,小倉,0.0
2026-01-31,202610010308,umaren_nagashi5,0.2354878833994223,4,400.0,0.0,-400.0,0,小倉,0.0
2026-01-31,202610010309,tansho_minodds_top5,0.0985739036410032,5,500.0,320.0,-180.0,1,小倉,64.0
2026-01-31,202610010310,umaren_box5,0.1837653138759586,10,1000.0,0.0,-1000.0,0,小倉,0.0
2026-01-31,202610010311,umaren_box5,0.1180761215944676,10,1000.0,0.0,-1000.0,0,小倉,0.0
2026-01-31,202610010312,wide_box5,0.1012277912288743,10,1000.0,3850.0,2850.0,1,小倉,385.0
2026-02-01,202605010201,umaren_nagashi5,0.2203323124803845,4,400.0,0.0,-400.0,0,東京,0.0
2026-02-01,202605010202,umaren_nagashi5,0.1045151134905673,4,400.0,560.0,160.0,1,東京,140.0
2026-02-01,202605010203,umaren_nagashi5,0.1813062208580084,4,400.0,1320.0,920.0,1,東京,330.0
2026-02-01,202605010204,wide_box5,0.2448096035778511,10,1000.0,560.0,-440.0,1,東京,56.00000000000001
2026-02-01,202605010205,wide_box5,0.1695377677174655,10,1000.0,0.0,-1000.0,0,東京,0.0
2026-02-01,202605010206,tansho_minodds_top5,0.1007063854661875,5,500.0,550.0,50.0,1,東京,110.0
2026-02-01,202605010207,tansho_minodds_top5,0.121959729338694,5,500.0,1020.0,520.0,1,東京,204.0
2026-02-01,202605010208,umaren_box5,0.1855753148577253,10,1000.0,4750.0,3750.0,1,東京,475.0
2026-02-01,202605010209,tansho_minodds_top5,0.1739995918676879,5,500.0,0.0,-500.0,0,東京,0.0
2026-02-01,202605010210,umatan_box4,0.0978763287088015,12,1200.0,0.0,-1200.0,0,東京,0.0
2026-02-01,202605010211,umaren_box5,0.1302547260052933,10,1000.0,0.0,-1000.0,0,東京,0.0
2026-02-01,202605010212,tansho_minodds_top5,0.0957361033076533,5,500.0,150.0,-350.0,1,東京,30.0
2026-02-01,202608020201,umatan_box5,0.1559924560561732,20,2000.0,5530.0,3530.0,1,京都,276.5
2026-02-01,202608020202,umaren_box5,0.1110068613569244,10,1000.0,1160.0,160.0,1,京都,116.0
2026-02-01,202608020203,umatan_box4,0.1343425295843585,12,1200.0,360.0,-840.0,1,京都,30.0
2026-02-01,202608020204,wide_box5,0.1297371943835378,10,1000.0,0.0,-1000.0,0,京都,0.0
2026-02-01,202608020205,wide_box5,0.1135644232915831,10,1000.0,900.0,-100.0,1,京都,90.0
2026-02-01,202608020206,wide_box5,0.1515209825112947,10,1000.0,0.0,-1000.0,0,京都,0.0
2026-02-01,202608020207,umaren_box5,0.2477530036878505,10,1000.0,0.0,-1000.0,0,京都,0.0
2026-02-01,202608020208,umaren_box5,0.1345168246304345,10,1000.0,2050.0,1050.0,1,京都,205.0
2026-02-01,202608020209,umaren_box5,0.1296208552138561,10,1000.0,800.0,-200.0,1,京都,80.0
2026-02-01,202608020210,tansho_minodds_top5,0.1624796117436985,5,500.0,4770.0,4270.0,1,京都,954.0
2026-02-01,202608020211,umatan_box4,0.1012415328135436,12,1200.0,0.0,-1200.0,0,京都,0.0
2026-02-01,202608020212,umaren_box5,0.1099223670758745,10,1000.0,330.0,-670.0,1,京都,33.0
2026-02-01,202610010401,tansho_minodds_top5,0.1535455767290215,5,500.0,450.0,-50.0,1,小倉,90.0
2026-02-01,202610010402,umaren_box5,0.1064585229328197,10,1000.0,620.0,-380.0,1,小倉,62.0
2026-02-01,202610010403,umatan_box5,0.1299765861017537,20,2000.0,0.0,-2000.0,0,小倉,0.0
2026-02-01,202610010404,tansho_minodds_top5,0.1088582996046833,5,500.0,0.0,-500.0,0,小倉,0.0
2026-02-01,202610010405,umaren_nagashi5,0.2318851988245956,4,400.0,740.0,340.0,1,小倉,185.0
2026-02-01,202610010406,umaren_box5,0.1170866881542275,10,1000.0,0.0,-1000.0,0,小倉,0.0
2026-02-01,202610010407,umatan_box4,0.1319444092100445,12,1200.0,0.0,-1200.0,0,小倉,0.0
2026-02-01,202610010408,tansho_minodds_top5,0.099083698128829,5,500.0,1350.0,850.0,1,小倉,270.0
2026-02-01,202610010409,umaren_box5,0.1789987859014424,10,1000.0,0.0,-1000.0,0,小倉,0.0
2026-02-01,202610010410,umaren_nagashi5,0.1958511545186125,4,400.0,0.0,-400.0,0,小倉,0.0
2026-02-01,202610010411,tansho_p1,0.0883836375719311,1,100.0,0.0,-100.0,0,小倉,0.0
2026-02-01,202610010412,umaren_box5,0.1708074448793033,10,1000.0,0.0,-1000.0,0,小倉,0.0
2026-02-07,202605010301,umaren_box5,0.1899567979332674,10,1000.0,0.0,-1000.0,0,東京,0.0
2026-02-07,202605010302,tansho_minodds_top5,0.1068224191029956,5,500.0,480.0,-20.0,1,東京,96.0
2026-02-07,202605010303,tansho_minodds_top5,0.1126183443492609,5,500.0,0.0,-500.0,0,東京,0.0
2026-02-07,202605010304,umaren_nagashi5,0.2212765453868915,4,400.0,780.0,380.0,1,東京,195.0
2026-02-07,202605010305,umaren_nagashi5,0.2623955030307571,4,400.0,0.0,-400.0,0,東京,0.0
2026-02-07,202605010306,wide_box5,0.2117614137139642,10,1000.0,0.0,-1000.0,0,東京,0.0
2026-02-07,202605010307,wide_box5,0.265554882589533,10,1000.0,790.0,-210.0,1,東京,79.0
2026-02-07,202608020301,umaren_nagashi5,0.075943269114614,4,400.0,0.0,-400.0,0,京都,0.0
2026-02-07,202608020302,umaren_box5,0.21182172903928,10,1000.0,0.0,-1000.0,0,京都,0.0
2026-02-07,202608020303,umaren_box5,0.1829399479635941,10,1000.0,0.0,-1000.0,0,京都,0.0
2026-02-07,202608020304,umaren_nagashi5,0.2483399333962188,4,400.0,0.0,-400.0,0,京都,0.0
2026-02-07,202608020305,umaren_box5,0.0947031019403337,10,1000.0,5760.0,4760.0,1,京都,576.0
2026-02-07,202608020306,wide_box5,0.1527737602078527,10,1000.0,300.0,-700.0,1,京都,30.0
2026-02-07,202608020307,umaren_box5,0.1602676347882777,10,1000.0,660.0,-340.0,1,京都,66.0
2026-02-07,202608020308,umaren_box5,0.104600778763698,10,1000.0,370.0,-630.0,1,京都,37.0
2026-02-07,202608020309,umatan_box4,0.1552151082536261,12,1200.0,0.0,-1200.0,0,京都,0.0
2026-02-07,202608020310,wide_box5,0.101032504860715,10,1000.0,590.0,-410.0,1,京都,59.0
2026-02-07,202610010501,umaren_box5,0.2424929162957761,10,1000.0,1350.0,350.0,1,小倉,135.0
2026-02-07,202610010502,umaren_box5,0.1423371091895936,10,1000.0,2790.0,1790.0,1,小倉,279.0
2026-02-07,202610010503,umaren_box5,0.2093834380612459,10,1000.0,320.0,-680.0,1,小倉,32.0
2026-02-07,202610010504,umaren_box5,0.1785805679111218,10,1000.0,0.0,-1000.0,0,小倉,0.0
2026-02-07,202610010505,umaren_box5,0.1369109264401063,10,1000.0,310.0,-690.0,1,小倉,31.0
2026-02-07,202610010506,tansho_minodds_top5,0.1007481734749096,5,500.0,710.0,210.0,1,小倉,142.0
2026-02-07,202610010507,wide_box5,0.1219884423133972,10,1000.0,0.0,-1000.0,0,小倉,0.0
2026-02-07,202610010508,tansho_minodds_top5,0.1689001831914777,5,500.0,0.0,-500.0,0,小倉,0.0
2026-02-07,202610010509,wide_box5,0.1396962329518753,10,1000.0,590.0,-410.0,1,小倉,59.0
2026-02-07,202610010510,wide_box5,0.14414200171631622,10,1000.0,0.0,-1000.0,0,小倉,0.0
