horse_id	date	rank	prize	rank_diff	weather	race_type	course_len	ground_state	agari	race_class	n_horses
2016103730	2018-10-13	1	700.0	0.0	0	0	1200	0	36.9	0.0	15
2016103730	2018-11-10	13	0.0	2.8	0	0	1400	2	37.7	2.0	16
2016103730	2019-01-14	9	0.0	0.6	0	1	1200	0	34.2	2.0	16
2016103730	2019-03-16	8	0.0	1.2	0	1	1400	0	35.0		15
2016103730	2019-05-19	7	0.0	0.5	0	1	1600	0	33.7	2.0	10
2016103730	2019-06-08	9	0.0	0.7	1	1	1400	2	35.1	2.0	18
2016103730	2019-08-03	6	0.0	0.5	0	1	1200	0	33.8	5.0	10
2016103730	2019-08-17	1	750.0	0.0	0	1	1200	0	34.1	2.0	18
2016103730	2019-09-29	12	0.0	0.6	1	1	1200	0	33.2	5.0	16
2016103730	2019-11-16	8	0.0	0.6	0	1	1200	0	33.6	3.0	18
2016103730	2019-12-07	9	0.0	0.4	1	1	1200	0	33.2	5.0	18
2016103730	2020-01-05	8	0.0	0.5	0	1	1200	0	34.4	3.0	16
2016103730	2020-04-11	2	611.2	0.2	0	1	1200	0	33.9	3.0	16
2016103730	2020-05-16	1	1527.3	0.0	3	1	1400	1	35.1	5.0	11
2016103730	2020-06-14	2	739.8	0.2	1	1	1200	0	33.3	4.0	16
2016103730	2020-07-04	10	0.0	0.5	1	1	1200	0	34.0	4.0	16
2016103730	2020-10-17	1	1859.2	0.0	3	1	1400	1	34.9	4.0	18
2016103730	2020-11-15	11	0.0	0.5	0	1	1400	0	34.0		17
2016103730	2021-01-09	8	0.0	0.8	0	1	1200	0	33.9		16
2016103730	2021-01-31	8	0.0	0.6	0	1	1200	0	34.0		18
2016103730	2021-02-28	8	0.0	0.8	0	1	1400	0	33.8		17
2016103730	2021-04-25	6	0.0	0.3	0	1	1600	0	34.5		15
2016103730	2021-06-19	11	0.0	1.2	2	1	1600	1	36.4		15
2016103730	2021-08-29	5	250.0	0.4	0	1	1400	0	34.1		18
2016103730	2021-10-17	6	0.0	0.4	1	1	1400	1	35.9		18
2016103730	2021-12-18	7	0.0	0.3	0	1	1200	0	33.8	5.0	15
2016103730	2022-02-12	13	0.0	1.6	0	1	1600	0	34.8		17
2016103730	2022-02-27	11	0.0	1.0	0	1	1400	0	34.9		14
2016103730	2022-04-10	9	0.0	0.9	0	1	1200	0	33.4		16
2016103730	2022-05-29	14	0.0	1.1	0	1	1400	0	34.2		18
2016103730	2022-08-21	9	0.0	0.6	0	1	1200	0	33.6		18
2016103730	2022-11-13	9	0.0	0.4	1	1	1400	0	33.5		18
2016103730	2023-01-14	14	0.0	0.9	1	1	1200	2	33.8	5.0	16
2016103730	2023-01-28	8	0.0	1.2	0	1	2000	0	35.0		10
2016103730	2023-03-26	3	684.7	0.3	3	1	1600	1	35.8		15
2016103730	2023-04-23	11	0.0	0.6	0	1	1600	0	33.3		15
2016103730	2023-05-28	15	0.0	1.7	0	1	1400	0	34.4		18
2016103730	2023-07-29	9	0.0	0.7	0	1	1800	0	34.4	5.0	18
2016103730	2023-08-13	13	0.0	1.9	0	1	2000	0	36.4		16
2016103730	2023-12-03	9	0.0	1.1	0	0	1400	0	37.3	5.0	13
2016103730	2023-12-17	10	0.0	0.6	0	1	1800	0	35.4		13
2016103730	2024-02-11	9	0.0	0.9	1	0	1400	2	36.1	5.0	15
2016103730	2024-04-06	8	0.0	0.8	1	0	1700	0	36.7	5.0	15
2016103730	2024-06-09	4	330.0	1.3	1	0	1800	2	38.0	5.0	16
2016103730	2024-08-25	4	330.0	0.1	1	0	1800	0	37.3	5.0	13
2016103730	2024-09-15	6	0.0	0.5	0	0	1800	0	37.3	5.0	14
2016103730	2024-11-24	10	0.0	1.3	1	0	1900	0	38.2	5.0	16
2016103730	2025-06-14	7	0.0	1.1	3	0	1800	1	37.9	5.0	12
2016103730	2025-07-06	4	330.0	1.1	0	0	1700	0	36.9	5.0	15
2016103730	2025-08-30	15	0.0	2.4	0	0	1800	0	39.3	5.0	16
2016103730	2025-11-22	10	0.0	1.9	0	0	1900	0	38.3	5.0	16
2017101772	2020-04-11	8	0.0	0.8	0	1	1200	0	35.2	1.0	16
2017101772	2020-07-18	6	0.0	0.7	1	1	1200	2	35.8	1.0	16
2017101772	2020-08-22	7	0.0	1.1	0	1	1600	0	35.2	1.0	18
2017101772	2020-09-06	8	0.0	1.2	0	1	1600	0	34.2	1.0	18
2017101772	2020-10-17	1	25.0	0.0	1	0	1200	0	37.5	10.0	6
2017101772	2020-11-07	1	25.0	0.0	1	0	1200	2	36.5	10.0	8
2017101772	2020-11-30	4	2.5	1.1	0	0	1400	1	40.9	10.0	9
2017101772	2020-12-08	1	25.0	0.0	1	0	1400	2	39.2	10.0	9
2017101772	2021-03-27	12	0.0	0.8	0	1	1400	0	36.3	2.0	15
2017101772	2021-05-09	10	0.0	0.7	0	1	1400	0	35.4	2.0	18
2017101772	2021-07-04	10	0.0	1.3	2	1	1200	0	34.6	2.0	16
2017101772	2021-09-19	4	110.0	0.4	0	1	1200	0	34.5	2.0	15
2017101772	2021-11-06	10	0.0	0.7	0	1	1200	0	34.4	5.0	16
2017101772	2021-11-13	3	190.0	0.4	0	1	1200	0	34.6	2.0	16
2017101772	2022-01-23	3	277.0	0.1	3	1	1200	1	35.8	5.0	16
2017101772	2022-04-30	2	438.8	0.0	0	1	1200	2	34.4	5.0	11
2017101772	2022-05-21	4	160.0	0.5	1	1	1200	0	33.9	5.0	13
2017101772	2022-07-09	1	1094.5	0.0	1	1	1200	0	34.9	5.0	11
2017101772	2022-07-30	8	0.0	1.0	0	1	1600	0	34.1	5.0	18
2017101772	2022-09-11	4	230.0	0.5	0	1	1800	0	34.5	5.0	9
2017101772	2022-10-02	3	384.5	0.5	0	1	1800	0	35.0	3.0	14
2017101772	2022-11-27	6	0.0	0.5	0	1	2000	0	33.7	3.0	14
2017101772	2023-01-21	7	0.0	0.4	0	1	1800	2	35.8	3.0	9
2017101772	2023-02-25	3	393.2	0.0	1	1	1800	0	35.2	5.0	10
2017101772	2023-04-09	3	393.4	0.8	0	1	2000	0	36.8	5.0	10
2017101772	2023-07-08	7	0.0	0.8	1	1	2000	0	36.5	5.0	13
2017101772	2023-07-23	10	0.0	0.8	0	1	1800	0	36.0	5.0	15
2017101772	2024-05-19	3	393.5	0.2	1	1	1800	0	33.9	5.0	10
2017101772	2024-06-23	2	625.8	0.1	1	1	1800	2	34.8	5.0	9
2017101772	2024-08-24	3	394.9	0.1	0	1	1600	0	34.1	5.0	16
2017101772	2025-01-25	5	155.0	0.4	1	1	1600	0	34.3	3.0	10
2017101772	2025-03-02	3	394.1	0.0	0	1	1800	0	34.1	5.0	11
2017101772	2025-04-13	3	393.3	0.2	3	1	2000	0	34.8	5.0	10
2017101772	2025-04-26	4	230.0	0.5	1	1	1800	0	34.2	5.0	9
2017101772	2025-07-06	8	0.0	1.0	0	1	1800	0	36.5	5.0	16
2017101772	2025-12-14	7	0.0	0.6	1	1	1800	2	36.0	5.0	12
2019103672	2021-08-22	4	110.0	0.4	2	1	1200	2	35.8	0.0	14
2019103672	2021-08-29	7	0.0	2.6	0	0	1000	0	38.0	1.0	9
2019103672	2021-10-16	3	130.0	0.7	0	1	1200	0	34.8	1.0	12
2019103672	2021-11-07	12	0.0	1.3	0	1	1200	0	36.0	1.0	16
2019103672	2022-01-29	10	0.0	1.1	1	1	1200	0	36.2	1.0	16
2019103672	2022-04-10	8	0.0	1.7	0	0	1200	0	39.0	1.0	16
2019103672	2022-06-11	5	52.0	0.6	1	1	1200	0	34.6	1.0	16
2019103672	2022-06-25	5	52.0	0.3	1	1	1200	2	35.0	1.0	16
2019103672	2022-07-03	9	0.0	0.8	0	1	1200	2	35.8	1.0	16
2019103672	2022-09-06	1	200.0	0.0	0	0	1200	0	38.7		14
2019103672	2022-10-05	10	0.0	2.0	3	0	1200	2	39.3	11.0	12
2019103672	2022-11-04	12	0.0	1.5	0	0	1200	0	39.8	11.0	14
2019103672	2022-11-14	9	0.0	1.6	1	0	1200	0	38.9	5.0	16
2019103672	2022-12-05	15	0.0	4.9	3	0	1400	1	42.2	5.0	15
2019103672	2023-01-06	4	5.2	0.7	1	0	1500	0	40.1		8
2019103672	2023-01-26	3	5.3	0.4	0	0	1400	0	38.6		9
2019103672	2023-02-16	4	5.2	1.4	0	0	1500	2	39.5		9
2019103672	2023-03-02	2	13.2	0.0	0	0	1500	0	39.9		11
2019103672	2023-03-16	10	0.0	2.4	0	0	1500	0	40.8		12
2019103672	2023-04-05	7	0.0	1.5	1	0	1400	0	40.9		9
2019103672	2023-04-13	4	9.8	0.8	0	0	920	0	36.8	5.0	12
2019103672	2023-04-26	10	0.0	2.8	1	0	820	3	38.2	10.0	11
2019103672	2023-08-10	3	14.0	0.3	0	0	1400	0	41.3	9.0	9
2019103672	2023-09-22	3	14.0	2.0	1	0	1400	0	42.5	9.0	9
2019103672	2023-10-13	1	56.0	0.0	0	0	1400	0	39.9	9.0	9
2019103672	2023-11-08	6	0.0	1.4	0	0	1400	1	43.1	10.0	9
2019103672	2024-02-23	7	0.0	1.3	1	0	1400	1	42.3	9.0	10
2019103672	2024-03-19	10	0.0	1.9	1	0	1400	0	44.0	9.0	12
2019103672	2024-04-09	6	0.0	1.2	1	0	1400	3	43.6	9.0	12
2019103672	2024-04-25	1	56.0	0.0	0	0	1400	1	42.2	9.0	8
2019103672	2024-05-16	1	70.0	0.0	0	0	1400	2	40.9	10.0	10
2019103672	2024-12-01	13	0.0	1.5	0	1	1400	0	34.9	2.0	18
2019103672	2024-12-14	15	0.0	3.6	0	0	1200	0	39.2	2.0	16
2019103672	2025-02-02	9	0.0	0.9	1	1	1400	2	35.4	2.0	17
2019103672	2025-03-01	15	0.0	1.0	1	1	1200	0	35.5	2.0	18
2019103672	2025-05-18	6	0.0	0.7	0	1	1200	2	34.2	2.0	16
2019103672	2025-05-25	10	0.0	0.8	1	1	1400	1	35.0	2.0	18
2019103672	2025-12-13	12	0.0	0.9	0	1	1200	0	34.0	2.0	18
2019103829	2021-12-04	6	0.0	1.1	0	1	1800	0	35.5	0.0	11
2019103829	2021-12-18	5	51.0	0.5	0	1	2000	2	35.7	1.0	15
2019103829	2022-01-08	8	0.0	0.7	0	1	2200	0	36.8	1.0	16
2019103829	2022-06-05	3	130.0	0.3	0	1	1600	0	35.7	1.0	16
2019103829	2022-06-25	1	520.0	0.0	0	1	2000	0	36.9	1.0	16
2019103829	2022-11-19	5	77.0	1.2	0	0	1700	0	39.0	2.0	15
2019103829	2022-12-11	4	120.0	0.5	0	0	1900	0	38.7	2.0	11
2019103829	2023-01-05	2	320.0	0.2	0	0	1800	0	38.1	2.0	12
2019103829	2023-01-14	4	120.0	0.9	1	0	1800	1	37.8	2.0	9
2019103829	2023-03-04	3	200.0	1.0	0	0	1800	0	38.7	2.0	8
2019103829	2023-03-19	5	80.0	1.7	0	0	1800	1	37.5	2.0	10
2019103829	2023-04-08	4	120.0	1.1	0	0	2000	3	38.9	2.0	10
2019103829	2023-04-29	11	0.0	2.6	0	0	1800	0	39.6	2.0	14
2019103829	2023-07-16	4	170.0	0.4	1	1	1800	2	36.1	5.0	14
2019103829	2023-07-22	2	448.2	0.2	0	1	1800	0	34.1	5.0	9
2019103829	2023-08-12	1	1134.5	0.0	0	1	1800	0	35.4	5.0	9
2019103829	2023-08-27	10	0.0	2.1	1	1	1800	1	38.2	3.0	14
2019103829	2023-09-17	5	155.0	0.5	0	1	2400	0	33.7	5.0	11
2019103829	2023-10-08	8	0.0	1.0	2	1	2200	0	34.8	5.0	12
2019103829	2023-12-24	10	0.0	1.3	0	0	1800	0	38.7	3.0	15
2019103829	2024-04-28	12	0.0	1.3	0	0	1800	0	37.3	5.0	14
2019103829	2024-07-20	10	0.0	1.0	0	1	2000	0	36.1	5.0	13
2019103829	2026-01-25	11	0.0	1.1	0	0	1700	0	37.3	5.0	16
2019105193	2021-11-21	2	280.0	0.3	1	1	2000	0	34.2	0.0	8
2019105193	2022-03-06	1	520.0	0.0	0	1	2200	0	35.5	1.0	16
2019105193	2022-06-11	1	770.0	0.0	1	1	2000	0	35.1	2.0	8
2019105193	2022-09-19	1	1533.1	0.0	1	1	2000	2	35.2	3.0	10
2019105193	2022-11-27	1	1874.3	0.0	0	1	2000	0	34.5	4.0	16
2019105193	2023-07-09	4	650.0	0.3	1	1	2000	0	35.3		16
2019105193	2024-01-27	2	1107.4	0.1	0	1	2000	0	33.9		12
2019105193	2024-05-04	1	2818.9	0.0	0	1	2400	0	34.1		8
2019105193	2025-01-19	8	0.0	1.4	0	1	2200	0	37.1		16
2019106933	2021-08-15	2	280.0	0.1	0	1	1800	2	33.1	0.0	14
2019106933	2021-10-02	1	510.0	0.0	0	1	2000	0	35.8	1.0	9
2019106933	2021-11-20	4	570.0	1.0	0	1	1800	0	33.7		12
2019106933	2022-02-06	2	1611.4	0.0	0	1	2000	2	35.3		11
2019106933	2022-04-17	10	0.0	0.8	1	1	2000	0	34.9		18
2019106933	2022-05-08	12	0.0	1.2	1	1	1600	0	35.1		18
2019106933	2022-12-28	2	749.6	0.1	0	1	1600	0	35.4	4.0	16
2019106933	2023-01-29	8	0.0	0.7	0	1	1600	0	34.2	4.0	12
2019106933	2023-04-09	13	0.0	2.5	0	0	1800	2	39.3	4.0	15
2019106933	2023-07-01	12	0.0	1.3	1	1	1600	1	36.2	4.0	13
2019106933	2023-08-13	1	1868.7	0.0	0	1	1800	0	35.8	4.0	13
2019106933	2023-11-12	11	0.0	1.0	1	1	2000	0	37.1		16
2019106933	2024-02-10	15	0.0	1.3	1	1	1600	0	35.6		18
2019106933	2024-04-14	7	0.0	0.3	0	1	2000	0	35.5		16
2019106933	2024-07-07	12	0.0	1.6	0	1	2000	0	36.2		15
2019106933	2024-11-16	11	0.0	1.8	1	1	2000	0	35.6		15
2019106933	2025-04-13	7	0.0	0.4	3	1	2000	0	36.1		15
2019106933	2025-07-13	12	0.0	2.3	0	1	2000	0	37.2		15
2019106933	2025-08-09	6	0.0	0.5	0	1	1800	0	32.9	5.0	13
2019106933	2025-10-25	8	0.0	0.5	1	1	1800	0	34.3		10
2020100495	2022-10-15	8	0.0	0.9	1	1	2000	0	34.8	0.0	11
2020100495	2022-11-13	5	52.0	1.2	0	0	1600	0	39.0	1.0	15
2020100495	2023-02-11	4	83.0	0.8	0	0	1600	3	38.5	1.0	16
2020100495	2023-02-25	6	0.0	1.1	0	0	1800	0	40.5	1.0	16
2020100495	2023-05-06	4	83.0	0.6	3	0	1800	0	38.1	1.0	15
2020100495	2023-05-20	4	83.0	1.2	0	0	1800	0	39.1	1.0	15
2020100495	2023-06-10	7	0.0	1.4	1	0	1700	1	39.4	1.0	14
2020100495	2023-06-17	3	140.0	0.4	1	1	2600	0	35.5	1.0	12
2020100495	2023-07-16	4	83.0	1.3	1	1	2600	2	39.2	1.0	12
2020100495	2023-08-06	2	220.0	0.0	1	1	2600	1	38.7	1.0	13
2020100495	2023-08-20	3	140.0	0.5	1	1	2600	2	38.0	1.0	14
2020100495	2023-09-02	1	550.0	0.0	0	1	2000	2	37.0	1.0	16
2020100495	2023-11-05	9	0.0	3.0	1	1	2600	0	39.8	2.0	11
2020100495	2023-11-18	3	286.7	0.2	0	1	1800	2	36.9	5.0	16
2020100495	2024-02-04	3	284.6	1.0	1	1	1800	1	36.6	5.0	11
2020100495	2024-02-17	2	320.0	0.0	0	1	1800	0	35.2	2.0	12
2020100495	2024-03-02	1	1142.2	0.0	0	1	1800	2	35.5	5.0	13
2020100495	2024-06-08	9	0.0	0.4	0	1	1800	0	33.7	5.0	16
2020100495	2024-06-23	5	155.0	0.3	1	1	2000	0	35.2	5.0	9
2020100495	2024-07-20	4	230.0	0.1	0	1	2000	0	34.9	5.0	13
2020100495	2024-10-19	2	629.8	0.1	3	1	2000	2	35.0	5.0	14
2020100495	2024-11-24	12	0.0	1.6	0	1	2000	0	35.4	3.0	13
2020100495	2025-05-03	5	155.0	0.3	0	1	1800	0	34.0	5.0	10
2020100495	2025-05-18	1	1575.2	0.0	1	1	2000	0	34.0	5.0	10
2020100495	2025-06-28	8	0.0	0.5	0	1	2000	0	35.5	4.0	16
2020100495	2025-07-13	5	430.0	1.1	0	1	2000	0	35.6		15
2020100495	2025-08-30	15	0.0	2.2	0	1	2200	0	36.3	4.0	16
2020100495	2025-10-25	10	0.0	1.0	1	1	2000	0	33.4	4.0	18
2020100495	2025-12-13	10	0.0	0.6	1	1	1800	0	33.7	4.0	16
2020100495	2026-01-25	6	0.0	0.5	0	1	1800	0	33.5	4.0	12
2020100651	2023-01-21	15	0.0	4.5	1	0	1800	2	42.1	0.0	16
2020100651	2023-06-04	16	0.0	2.4	0	1	1400	2	35.5	1.0	18
2020100651	2023-08-12	9	0.0	2.3	1	0	1200	0	39.0	1.0	15
2020100651	2024-01-18	8	0.0	1.9	3	0	1400	0	41.4	10.0	10
2020100651	2024-02-07	12	0.0	4.8	0	0	1400	1	45.5	10.0	12
2020100651	2024-03-06	11	0.0	3.6	1	0	1400	1	42.9	10.0	12
2020100651	2024-03-22	11	0.0	2.6	0	0	1400	2	43.7	9.0	12
2020100651	2024-04-10	3	11.2	0.3	0	0	820	1	37.7	9.0	12
2020100651	2024-04-23	1	56.0	0.0	1	0	820	1	37.5	9.0	9
2020100651	2025-03-04	3	11.2	0.9	3	0	800	3	36.6	9.0	12
2020100651	2025-03-27	1	56.0	0.0	0	0	820	0	36.7	9.0	12
2020100651	2025-04-17	8	0.0	1.5	0	0	820	0	37.1	10.0	12
2020100651	2025-05-08	2	28.0	0.6	0	0	820	2	37.1	10.0	10
2020100651	2025-06-13	9	0.0	0.9	0	0	820	2	37.1	10.0	12
2020100651	2025-06-27	9	0.0	1.4	0	0	1230	2	41.5	10.0	11
2020100651	2025-07-17	1	60.0	0.0	3	0	820	3	36.1	9.0	11
2020100651	2025-10-13	16	0.0	3.7	0	0	1300	0	39.2	2.0	16
2020100651	2026-02-01	14	0.0	1.6	1	0	1000	0	36.0	2.0	14
2020101025	2022-12-04	9	0.0	1.6	1	1	1800	0	34.4	0.0	14
2020101025	2022-12-24	3	130.0	0.0	0	1	2000	0	35.5	1.0	16
2020101025	2023-01-09	6	0.0	0.7	0	1	2000	0	34.9	1.0	18
2020101025	2023-02-25	2	220.0	0.2	0	1	2000	2	35.3	1.0	15
2020101025	2023-03-26	1	550.0	0.0	3	1	2000	3	37.9	1.0	18
2020101025	2023-04-16	3	200.0	0.2	0	1	2000	2	34.6	2.0	12
2020101025	2023-05-06	8	0.0	0.9	2	1	2200	0	33.5		12
2020101025	2023-07-22	4	170.0	0.1	0	1	2000	0	35.0	5.0	12
2020101025	2023-08-20	1	800.0	0.0	0	1	2000	0	35.6	2.0	11
2020101025	2023-09-10	2	625.2	0.0	1	1	2000	0	33.8	5.0	8
2020101025	2023-10-08	2	627.4	0.1	2	1	2200	0	34.1	5.0	12
2020101025	2023-11-12	1	1140.0	0.0	2	1	2200	0	34.1	3.0	11
2020101025	2023-12-24	7	0.0	0.8	0	1	2000	0	34.8	4.0	13
2020101025	2024-01-28	5	184.0	0.5	1	1	2200	0	36.1	4.0	12
2020101025	2024-02-25	9	0.0	2.0	2	1	3000	1	39.2	4.0	12
2020101025	2024-04-07	5	184.0	0.6	0	1	2000	0	34.7	4.0	16
2020101025	2024-04-27	9	0.0	1.0	1	1	2000	0	34.8	4.0	13
2020101025	2024-07-07	4	280.0	0.5	1	1	1800	2	36.5	4.0	14
2020101025	2024-07-27	13	0.0	0.7	1	1	2000	0	34.6	4.0	14
2020101025	2024-08-24	3	464.6	0.4	0	1	2000	0	36.5	4.0	14
2020101025	2025-03-02	1	1870.1	0.0	1	1	2000	1	36.2	4.0	13
2020101025	2025-03-16	10	0.0	3.4	2	1	2000	1	39.2		10
2020101025	2025-04-13	12	0.0	0.9	3	1	2000	0	35.4		15
2020101025	2025-08-09	4	360.0	0.4	0	1	1800	0	32.6	5.0	13
2020101025	2025-08-31	10	0.0	0.5	0	1	2000	0	32.6		16
2020101025	2026-01-05	6	0.0	1.2	0	1	3000	0	34.0	5.0	9
2020101265	2022-08-13	9	0.0	1.2	1	1	1400	0	36.9	0.0	17
2020101265	2022-10-22	6	0.0	1.4	1	1	1000	0	33.8	1.0	18
2020101265	2022-12-28	9	0.0	1.0	0	0	1200	0	39.6	1.0	16
2020101265	2023-01-22	3	140.0	0.2	1	0	1200	0	38.4	1.0	16
2020101265	2023-02-04	8	0.0	0.6	0	0	1300	0	37.2	1.0	16
2020101265	2023-04-09	4	83.0	1.5	0	0	1200	2	39.2	1.0	16
2020101265	2023-04-29	4	83.0	0.9	0	1	1000	0	34.0	1.0	16
2020101265	2023-05-14	3	140.0	0.6	1	1	1000	0	33.2	1.0	16
2020101265	2023-06-10	3	140.0	0.5	1	0	1000	1	35.7	1.0	12
2020101265	2023-06-17	1	550.0	0.0	1	0	1000	0	36.3	1.0	11
2020101265	2023-07-15	4	120.0	0.6	1	0	1000	3	35.7	2.0	12
2020101265	2023-07-29	7	0.0	0.9	0	0	1000	0	36.7	2.0	11
2020101265	2023-09-16	8	0.0	1.4	0	0	1200	0	38.7	2.0	16
2020101265	2023-10-28	10	0.0	0.8	2	1	1000	1	34.5	2.0	18
2020101265	2023-11-05	8	0.0	1.1	1	0	1150	0	37.5	2.0	11
2020101265	2024-01-14	12	0.0	1.6	0	0	1000	0	37.8	2.0	14
2020101265	2024-01-21	7	0.0	0.5	1	1	1200	2	35.2	5.0	15
2020101265	2024-01-28	13	0.0	1.3	2	1	1200	0	36.2	2.0	14
2020101265	2024-03-17	6	0.0	1.5	0	0	1200	0	37.6	2.0	16
2020101265	2024-05-04	6	0.0	0.9	0	1	1000	0	33.6	2.0	16
2020101265	2024-05-11	10	0.0	0.8	0	0	1200	0	38.3	2.0	14
2020101265	2024-07-27	5	80.0	0.4	1	1	1000	0	33.6	2.0	18
2020101265	2024-08-18	9	0.0	0.7	0	1	1000	0	32.8	5.0	18
2020101265	2024-09-07	3	200.0	0.3	0	0	1200	0	37.1	2.0	16
2020101265	2024-09-22	7	0.0	0.8	1	0	1200	0	37.8	2.0	16
2020101265	2024-10-12	9	0.0	1.2	0	0	1200	0	38.0	2.0	13
2020101265	2025-01-12	16	0.0	2.3	1	0	1200	0	39.8	2.0	16
2020101265	2025-03-16	11	0.0	1.7	3	0	1200	3	39.3	2.0	16
2020101265	2025-05-03	3	200.0	0.9	0	1	1000	0	32.7	2.0	16
2020101265	2025-05-18	14	0.0	1.0	1	1	1000	0	34.6	5.0	16
2020101265	2025-06-29	10	0.0	0.8	0	1	1200	0	36.0	2.0	14
2020101265	2025-07-06	3	200.0	1.7	0	0	1150	0	38.0	2.0	15
2020101265	2025-07-19	5	80.0	0.3	0	0	1150	0	37.4	2.0	11
2020101265	2025-08-17	14	0.0	3.1	0	0	1200	0	40.0	2.0	15
2020101265	2025-09-15	6	0.0	1.5	1	0	1200	0	38.4	2.0	16
2020101265	2025-09-21	10	0.0	1.7	0	0	1200	0	38.7	2.0	16
2020101265	2025-11-08	10	0.0	1.2	0	0	1150	0	37.9	2.0	16
2020101265	2026-01-25	4	120.0	0.8	0	0	1000	0	35.9	2.0	14
2020101652	2022-08-28	6	0.0	1.6	0	1	1200	0	35.2	0.0	9
2020101652	2022-09-17	1	520.0	0.0	1	0	1400	0	38.8	1.0	10
2020101652	2022-10-01	9	0.0	2.7	0	0	1400	0	40.0	2.0	9
2020101652	2023-05-14	14	0.0	4.2	2	0	1800	1	41.4	2.0	14
2020101652	2023-06-17	10	0.0	2.6	0	0	1800	0	40.6	2.0	13
2020101652	2023-09-10	7	0.0	1.3	0	0	1800	0	39.3	2.0	13
2020101652	2023-11-05	3	200.0	0.1	0	0	1400	0	37.7	2.0	15
2020101652	2023-12-02	12	0.0	1.5	0	0	1400	0	38.9	2.0	16
2020101652	2024-04-14	2	320.0	0.2	0	0	1400	0	37.3	2.0	12
2020101652	2024-05-05	12	0.0	1.4	0	0	1400	0	38.4	2.0	16
2020101652	2024-06-08	9	0.0	1.8	0	0	1400	0	36.7	2.0	15
2020101652	2024-08-18	12	0.0	2.1	0	0	1400	0	39.9	2.0	16
2020101652	2024-09-01	8	0.0	1.5	1	0	1800	3	37.4	2.0	11
2020101652	2024-09-14	13	0.0	2.8	0	0	1400	0	39.3	2.0	15
2020101652	2025-02-15	13	0.0	1.8	0	0	1400	0	40.0	2.0	16
2020101652	2025-03-15	15	0.0	2.9	2	0	1400	0	40.5	2.0	16
2020101652	2025-05-03	12	0.0	7.3	0	2	2890	0	13.6	1.0	14
2020101652	2025-05-24	10	0.0	6.0	1	2	2890	0	13.7	1.0	13
2020101652	2025-08-24	8	0.0	4.7	0	2	3000	0	13.6	1.0	11
2020101652	2025-11-26	7	0.0	1.6	0	0	1500	0	40.2		12
2020101652	2025-12-14	15	0.0	1.0	0	1	1600	2	35.6	2.0	16
2020102269	2022-10-09	7	0.0	1.5	1	1	1800	0	35.7	0.0	9
2020102269	2022-10-29	12	0.0	1.7	0	1	1800	0	36.3	1.0	13
2020102269	2023-01-21	8	0.0	1.6	0	1	1600	0	35.6	1.0	11
2020102269	2023-02-04	7	0.0	1.4	0	0	1400	0	39.8	1.0	16
2020102269	2023-04-29	13	0.0	3.3	1	0	1400	0	40.4	1.0	15
2020102269	2023-05-13	6	0.0	0.7	1	1	1800	0	35.2	1.0	11
2020102269	2023-07-09	6	0.0	1.5	1	1	2000	2	38.2	1.0	14
2020102269	2023-08-05	16	0.0	2.7	1	1	2000	2	39.2	1.0	16
2020102269	2023-08-19	14	0.0	2.1	1	1	2000	0	37.1	5.0	16
2020102269	2023-10-16	4	6.8	0.7	0	0	1500	2	41.3	10.0	11
2020102269	2023-10-31	1	45.0	0.0	0	0	1500	0	40.2		12
2020102269	2023-11-15	5	5.8	0.7	0	0	1700	2	39.7	5.0	12
2020102269	2023-11-29	1	45.0	0.0	0	0	1500	0	40.2		12
2020102269	2023-12-25	5	6.5	0.9	0	0	1500	0	40.1	5.0	10
2020102269	2024-01-05	1	45.0	0.0	0	0	1500	0	39.4	11.0	10
2020102269	2024-02-02	8	0.0	1.9	0	0	1500	0	42.1	5.0	10
2020102269	2024-02-16	1	45.0	0.0	0	0	1500	0	39.8		9
2020102269	2024-02-26	9	0.0	2.8	0	0	1700	1	43.0	5.0	9
2020102269	2024-03-15	6	0.0	0.8	0	0	1500	0	39.5		12
2020102269	2024-03-29	5	5.0	1.6	0	0	1500	3	41.1		11
2020102269	2024-06-28	10	0.0	3.2	1	0	1500	3	42.0		12
2020102269	2024-07-12	8	0.0	2.6	3	0	1400	3	41.3		9
2020102269	2024-07-25	5	5.0	1.1	1	0	1500	0	41.2		12
2020102269	2024-08-08	1	50.0	0.0	0	0	1500	0	38.8		12
2020102269	2024-08-23	7	0.0	1.8	0	0	1400	0	40.9		12
2020102269	2024-09-06	9	0.0	1.4	0	0	1500	0	39.3		11
2020102269	2024-09-20	11	0.0	2.7	0	0	1500	0	43.0		12
2020102269	2024-10-04	10	0.0	2.1	3	0	1700	3	42.0		12
2020102269	2025-03-16	16	0.0	2.5	1	1	1600	1	36.8	2.0	16
2020102269	2025-04-19	16	0.0	1.0	0	1	1200	0	35.1	2.0	16
2020102269	2025-05-04	13	0.0	1.7	0	1	1400	0	37.3	2.0	13
2020102269	2025-06-01	15	0.0	3.4	0	0	1400	1	39.4	2.0	16
2020102269	2025-06-14	16	0.0	1.2	2	1	1400	0	35.4	2.0	18
2020102269	2025-06-29	6	0.0	0.4	0	1	1200	0	34.3	2.0	14
2020102269	2025-07-20	5	111.0	0.6	0	1	1200	0	34.7	5.0	11
2020102269	2025-08-16	14	0.0	1.0	0	1	1000	0	31.8	2.0	18
2020102269	2025-09-07	7	0.0	0.4	0	1	1200	0	33.4	2.0	16
2020102269	2025-10-19	16	0.0	1.4	1	1	1200	2	35.2	2.0	18
2020102269	2025-11-09	11	0.0	0.6	1	1	1200	0	34.1	2.0	16
2020102269	2025-12-13	14	0.0	1.5	1	0	1200	0	37.4	2.0	16
2020102269	2026-01-25	5	114.0	0.6	0	1	1200	0	33.2	5.0	16
2020102950	2022-12-03	8	0.0	1.1	0	1	1400	0	36.4	0.0	15
2020102950	2023-04-29	2	220.0	0.2	1	1	1600	0	35.1	1.0	14
2020102950	2023-05-21	6	0.0	0.7	0	1	1600	0	34.4	1.0	18
2020102950	2023-07-09	1	550.0	0.0	2	1	1600	2	35.5	1.0	16
2020102950	2023-12-10	4	120.0	0.3	0	1	1600	0	34.6	2.0	12
2020102950	2024-03-10	5	80.0	0.7	0	1	1600	0	34.3	2.0	10
2020102950	2024-06-22	7	0.0	0.7	2	1	1600	0	34.1	2.0	15
2020102950	2024-08-25	9	0.0	1.5	1	1	1600	0	34.9	2.0	15
2020102950	2024-09-16	6	0.0	0.3	1	1	1400	0	34.1	2.0	18
2020102950	2024-10-05	7	0.0	0.4	0	1	1600	0	33.9	5.0	18
2020102950	2024-12-15	14	0.0	1.7	0	1	1600	0	36.3	2.0	16
2020102950	2025-03-01	12	0.0	0.8	1	1	1200	0	35.6	2.0	18
2020102950	2025-05-04	3	200.0	0.1	0	1	1400	0	35.0	2.0	13
2020102950	2025-05-25	2	320.0	0.1	1	1	1400	1	33.6	2.0	18
2020102950	2025-06-14	7	0.0	1.0	3	1	1600	1	35.0	2.0	13
2020102950	2025-08-24	14	0.0	4.3	0	1	1400	0	34.1	5.0	14
2020102950	2025-10-12	14	0.0	0.9	1	1	1600	0	33.9	2.0	18
2020102950	2025-12-21	10	0.0	0.8	3	1	1600	2	35.7	2.0	16
2020103082	2022-10-15	3	180.0	0.5	0	1	1600	0	33.6	0.0	10
2020103082	2022-11-05	3	130.0	0.3	0	1	1800	0	33.9	1.0	8
2020103082	2022-12-18	1	520.0	0.0	0	1	2000	0	36.2	1.0	18
2020103082	2023-02-12	8	0.0	0.9	0	1	2000	2	35.8	2.0	14
2020103082	2023-04-16	2	310.0	0.2	0	1	2000	2	34.9	2.0	12
2020103082	2023-05-13	4	160.0	0.2	1	1	2000	0	33.6	2.0	12
2020103082	2023-06-18	1	800.0	0.0	1	1	2000	0	34.1	2.0	10
2020103082	2023-12-28	1	1574.5	0.0	0	1	2000	0	34.4	3.0	11
2020103082	2024-02-10	6	0.0	0.8	1	1	2000	0	34.3	4.0	12
2020103082	2024-04-07	16	0.0	1.6	0	1	2000	0	34.9	4.0	16
2020103082	2024-05-12	6	0.0	0.2	1	1	1600	0	33.9	4.0	14
2020103082	2024-07-27	6	0.0	0.5	1	1	2000	0	34.3	4.0	14
2020103082	2024-11-09	8	0.0	0.5	0	1	2000	0	34.8	4.0	14
2020103082	2024-12-08	6	0.0	0.9	2	1	2200	0	34.2	4.0	12
2020103082	2025-01-06	12	0.0	2.3	3	1	2000	2	37.0	4.0	18
2020103082	2025-04-12	1	1874.3	0.0	1	1	2000	0	34.1	4.0	16
2020103082	2025-05-17	7	0.0	0.8	1	1	2000	2	34.1		16
2020103082	2025-07-20	14	0.0	1.3	0	1	2000	0	36.0		16
2020103082	2025-09-13	12	0.0	1.0	1	1	2000	0	35.1		15
2020103082	2025-10-05	11	0.0	0.8	1	1	2400	2	34.7		18
2020103082	2025-12-13	17	0.0	2.4	0	1	2000	0	33.3		18
2020103123	2022-10-30	5	70.0	0.7	0	1	1800	0	35.1	0.0	12
2020103123	2023-02-19	9	0.0	1.3	1	1	1800	1	38.4	1.0	16
2020103123	2023-04-22	8	0.0	0.6	0	1	2000	0	36.2	1.0	18
2020103123	2023-05-06	1	550.0	0.0	1	0	1800	0	38.4	1.0	14
2020103123	2023-05-21	11	0.0	4.4	0	0	1800	0	41.0		11
2020103123	2023-08-05	3	200.0	0.4	0	0	1800	0	37.9	2.0	15
2020103123	2023-09-02	9	0.0	1.0	0	0	1700	2	39.7	2.0	16
2020103123	2023-10-01	9	0.0	1.6	1	0	1800	3	39.6	2.0	12
2020103123	2024-01-06	9	0.0	2.5	1	0	1800	0	39.4	2.0	11
2020103123	2024-01-14	5	80.0	0.6	0	0	1800	0	38.5	2.0	15
2020103123	2024-03-03	8	0.0	2.4	0	0	1800	2	41.5	2.0	8
2020103123	2024-04-07	1	800.0	0.0	0	1	2600	0	36.3	2.0	16
2020103123	2024-05-12	3	392.3	0.3	1	1	2400	0	33.4	5.0	7
2020103123	2024-10-14	5	114.0	0.5	0	1	2500	0	34.2	3.0	7
2020103123	2025-01-05	7	0.0	1.9	0	1	2200	0	37.3	5.0	11
2020103123	2025-05-18	6	0.0	1.4	1	1	2400	2	36.5	5.0	9
2020103123	2025-07-12	5	155.0	0.8	1	1	2600	0	36.8	5.0	12
2020103123	2025-08-16	3	394.1	0.6	0	0	1800	0	37.6	5.0	13
2020103123	2025-09-06	5	155.0	1.3	0	0	1800	2	37.4	5.0	9
2020103123	2025-11-16	12	0.0	1.8	0	0	1800	0	39.0	3.0	16
2020103676	2022-07-03	7	0.0	0.8	0	1	1800	0	36.3	0.0	13
2020103676	2022-09-25	3	130.0	0.4	0	0	1800	1	40.1	1.0	11
2020103676	2022-11-12	1	520.0	0.0	0	0	1600	0	36.8	1.0	16
2020103676	2023-01-28	4	120.0	0.3	0	0	1400	0	37.9	2.0	13
2020103676	2023-02-19	9	0.0	2.0	1	0	1400	2	37.6	2.0	16
2020103676	2023-11-19	7	0.0	0.8	0	0	1700	1	38.8	2.0	15
2020103676	2024-09-16	4	120.0	1.3	1	0	1800	0	40.3	2.0	11
2020103676	2025-01-05	5	80.0	0.4	0	0	1800	0	38.7	2.0	16
2020103676	2025-01-25	7	0.0	0.9	1	0	1800	0	37.9	2.0	16
2020103676	2025-04-12	6	0.0	1.4	1	0	1700	0	39.6	2.0	14
2020103676	2025-07-27	3	200.0	0.2	0	0	1800	0	37.6	2.0	13
2020103676	2025-08-24	5	80.0	0.7	0	0	1800	0	38.1	2.0	10
2020103676	2025-12-21	5	80.0	0.7	1	0	1800	1	37.9	2.0	15
2020103967	2022-12-11	5	70.0	1.9	0	0	1800	0	40.2	0.0	9
2020103967	2023-01-05	10	0.0	3.5	0	0	1800	0	42.7	1.0	13
2020103967	2023-04-23	16	0.0	3.8	0	0	1400	0	40.9	1.0	16
2020103967	2023-05-07	7	0.0	2.6	3	0	1800	3	41.6	1.0	16
2020103967	2023-05-20	12	0.0	2.5	0	0	1800	1	41.3	1.0	16
2020103967	2023-06-22	1	70.0	0.0	1	0	1400	3	38.5	5.0	9
2020103967	2023-07-23	8	0.0	4.3	0	0	1800	0	40.3	2.0	14
2020103967	2023-10-28	8	0.0	1.4	2	0	1800	1	39.3	2.0	13
2020103967	2023-11-19	9	0.0	1.1	0	0	1700	1	38.6	2.0	15
2020103967	2023-12-23	2	320.0	1.4	0	0	1800	0	39.6	2.0	8
2020103967	2024-04-06	7	0.0	1.4	0	0	1800	2	38.6	2.0	12
2020103967	2024-10-12	9	0.0	1.5	0	0	1800	0	38.5	2.0	13
2020103967	2024-11-09	10	0.0	1.8	0	0	1800	0	38.2	2.0	15
2020103967	2024-11-30	12	0.0	1.6	1	0	1800	0	38.6	2.0	13
2020103967	2025-01-25	10	0.0	1.5	0	0	1800	0	39.3	2.0	15
2020103967	2025-02-22	7	0.0	0.7	1	0	1800	0	38.5	2.0	11
2020103967	2025-05-08	1	200.0	0.0	0	0	1400	0	39.5	5.0	12
2020103967	2025-05-24	12	0.0	1.3	3	0	1400	2	35.6	3.0	13
2020103967	2025-06-22	9	0.0	0.9	1	0	1700	1	37.0	5.0	14
2020103967	2025-06-29	4	230.0	1.1	0	0	1700	0	38.2	5.0	11
2020103967	2025-08-02	8	0.0	1.8	0	0	1700	0	37.5	5.0	14
2020103967	2025-08-24	8	0.0	1.5	0	0	1700	0	37.4	3.0	14
2020103967	2025-11-09	6	0.0	0.6	2	0	1700	0	37.1	3.0	15
2020104744	2022-12-25	3	180.0	0.5	0	0	1200	2	37.6	0.0	16
2020104744	2023-01-09	10	0.0	1.7	0	0	1200	0	37.8	1.0	15
2020104744	2023-02-12	1	550.0	0.0	0	0	1700	1	37.6	1.0	16
2020104744	2023-02-26	9	0.0	1.3	0	0	1700	2	38.6	2.0	16
2020104744	2023-04-09	8	0.0	2.4	0	0	1800	2	40.7	2.0	9
2020104744	2023-06-04	11	0.0	2.4	0	0	1600	2	36.8	2.0	16
2020104744	2023-07-01	5	80.0	1.4	0	0	1700	1	38.2	2.0	11
2020104744	2023-07-16	12	0.0	2.2	1	0	1700	1	38.7	2.0	14
2020104744	2023-12-24	15	0.0	3.1	1	0	1800	0	41.8	2.0	16
2020104744	2024-01-28	5	80.0	0.5	2	0	1700	0	37.9	2.0	14
2020104744	2024-02-10	8	0.0	0.7	0	0	1700	2	37.1	2.0	11
2020104744	2024-04-06	11	0.0	2.3	1	0	1700	0	39.1	2.0	15
2020104744	2024-05-12	7	0.0	1.8	1	0	1800	0	38.5	2.0	11
2020104744	2024-08-18	4	120.0	0.7	0	0	1800	0	38.7	2.0	15
2020104744	2024-09-08	9	0.0	1.2	0	0	1800	0	39.8	2.0	16
2020104744	2024-10-06	5	80.0	0.9	0	0	1800	2	36.9	2.0	12
2020104744	2024-11-02	2	320.0	0.1	3	0	1700	1	36.4	2.0	11
2020104744	2024-11-16	3	200.0	0.4	0	0	1700	0	38.1	2.0	15
2020104744	2025-01-26	3	200.0	0.3	0	0	1700	0	36.6	2.0	11
2020104744	2025-02-08	5	80.0	1.1	5	0	1700	2	37.1	2.0	15
2020104744	2025-03-02	3	200.0	0.1	1	0	1700	1	37.6	2.0	14
2020104744	2025-04-19	6	0.0	1.0	0	0	1700	0	38.8	2.0	15
2020104744	2025-06-28	7	0.0	2.3	0	0	1700	0	38.5	2.0	15
2020104744	2025-08-02	4	120.0	1.2	0	0	1800	0	38.3	2.0	13
2020104744	2025-08-24	3	200.0	0.5	0	0	1800	0	38.0	2.0	10
2020104744	2025-11-09	5	80.0	1.0	1	0	1700	0	37.8	2.0	15
2020104744	2025-11-24	10	0.0	1.0	0	0	1700	0	39.1	2.0	15
2020104744	2026-02-01	5	82.0	0.5	1	0	1700	0	37.7	2.0	15
2020104986	2022-07-03	6	0.0	0.5	1	1	1800	0	35.5	0.0	8
2020104986	2022-07-23	4	78.0	0.4	0	1	1800	0	35.1	1.0	9
2020104986	2022-10-29	9	0.0	0.8	0	1	1800	0	35.6	1.0	13
2020104986	2023-01-07	7	0.0	1.1	0	0	1800	0	39.2	1.0	15
2020104986	2023-02-04	7	0.0	1.3	1	1	2000	0	35.7	1.0	9
2020104986	2023-06-04	4	83.0	0.7	0	1	1600	0	34.4	1.0	18
2020104986	2023-06-18	8	0.0	1.4	1	1	1400	0	35.1	1.0	18
2020104986	2023-08-19	4	83.0	0.2	0	1	1800	0	36.3	1.0	16
2020104986	2023-09-02	3	140.0	0.3	1	1	1800	2	35.7	1.0	16
2020104986	2023-11-01	5	7.0	1.3	0	0	1400	0	40.7	10.0	10
2020104986	2023-11-22	9	0.0	3.3	0	0	1400	0	42.0	10.0	10
2020104986	2023-12-14	1	56.0	0.0	0	0	1400	2	40.6	9.0	12
2020104986	2024-01-02	1	70.0	0.0	0	0	1400	0	39.8	10.0	12
2020104986	2024-01-26	5	7.0	1.4	1	0	1400	0	40.3	10.0	8
2020104986	2024-05-16	2	19.6	0.3	1	0	1400	2	41.0	9.0	12
2020104986	2024-06-07	1	56.0	0.0	0	0	1400	0	39.6	9.0	10
2020104986	2024-06-28	1	70.0	0.0	1	0	1400	3	41.2	10.0	9
2020104986	2024-07-19	7	0.0	0.7	0	0	1400	0	40.1	10.0	8
2020104986	2024-08-08	8	0.0	3.0	0	0	1400	2	42.7	10.0	10
2020104986	2025-03-22	16	0.0	3.7	0	0	1800	2	41.6	2.0	16
2020104986	2025-04-06	7	0.0	0.9	2	1	1800	0	34.8	2.0	13
2020104986	2025-04-19	13	0.0	1.4	0	1	2000	0	34.8	2.0	15
2020104986	2025-05-18	4	120.0	0.2	1	1	1800	0	34.9	2.0	13
2020104986	2025-11-01	13	0.0	2.4	0	1	1800	0	35.9	2.0	15
2020104986	2025-11-24	11	0.0	0.9	1	1	2000	0	34.8	2.0	16
2020105424	2022-07-17	4	110.0	0.9	3	1	1800	1	38.2	0.0	11
2020105424	2022-08-06	7	0.0	1.6	1	1	1800	0	35.1	1.0	10
2020105424	2022-10-16	1	520.0	0.0	1	1	1800	0	33.9	1.0	9
2020105424	2022-11-19	8	0.0	0.6	0	1	1800	0	35.5		11
2020105424	2022-12-17	2	418.0	0.1	1	1	1600	0	35.1	2.0	13
2020105424	2023-02-19	4	120.0	0.3	1	1	1600	0	34.4	2.0	12
2020105424	2023-03-19	9	0.0	0.9	0	1	1800	1	37.7		16
2020105424	2023-04-29	2	310.0	0.0	0	1	1600	0	34.4	2.0	13
2020105424	2023-05-21	1	780.0	0.0	1	1	1600	0	33.5	2.0	11
2020105424	2023-07-02	2	1616.2	0.1	0	1	1800	0	35.2		16
2020105424	2023-09-18	7	0.0	1.0	0	1	2200	0	35.1		15
2020105424	2023-10-15	2	1109.0	0.2	1	1	2000	1	34.3		15
2020105424	2023-11-12	6	0.0	0.5	1	1	2000	0	37.2		16
2020105424	2024-01-27	8	0.0	0.9	0	1	2000	0	34.9		12
2020105424	2024-03-10	4	410.0	0.5	0	1	1600	0	35.6		14
2020105424	2024-03-24	5	270.0	0.3	1	1	1600	1	35.3		15
2020105424	2024-05-18	3	604.8	0.1	0	1	1800	0	34.3	5.0	16
2020105424	2024-06-09	3	1109.1	0.6	1	1	1800	0	34.9		18
2020105424	2024-07-27	13	0.0	1.8	1	1	1800	0	35.6	5.0	15
2020105424	2024-10-06	5	670.0	0.2	1	1	1800	0	33.6		14
2020105424	2024-10-27	15	0.0	1.1	1	1	2000	0	34.6		15
2020105424	2025-02-09	2	966.8	0.2	0	1	2000	2	35.4	5.0	11
2020105424	2025-02-23	8	0.0	0.5	1	1	1800	0	34.3		13
2020105424	2025-05-11	5	280.0	0.2	0	1	2400	0	34.8		10
2020105424	2025-06-14	1	2431.5	0.0	2	1	1800	0	34.2	5.0	15
2020105424	2025-07-13	4	650.0	0.8	0	1	2000	0	36.3		15
2020105424	2025-10-05	9	0.0	0.8	1	1	1800	0	33.9		11
2020105424	2025-10-25	10	0.0	0.7	1	1	1800	0	34.7		10
2020105424	2025-12-21	3	704.9	0.2	1	1	1800	1	35.2		16
2020105424	2026-01-12	11	0.0	1.2	0	1	1600	0	35.1		14
2020105750	2022-06-04	3	180.0	0.2	0	1	1600	0	34.3	0.0	9
2020105750	2022-06-25	2	210.0	0.0	0	1	1600	0	34.9	1.0	8
2020105750	2022-09-17	2	210.0	0.1	1	1	1600	0	33.9	1.0	14
2020105750	2022-10-09	2	210.0	0.1	1	1	1800	0	33.9	1.0	10
2020105750	2022-10-23	2	210.0	0.1	0	1	1600	0	34.4	1.0	11
2020105750	2022-11-20	1	520.0	0.0	1	1	1600	2	34.0	1.0	14
2020105750	2023-02-12	3	272.6	0.2	0	1	1600	0	34.1	2.0	7
2020105750	2023-03-11	5	107.0	0.5	0	1	2400	0	34.7	2.0	12
2020105750	2023-03-25	9	0.0	0.8	1	1	1800	0	35.5		13
2020105750	2023-06-18	3	200.0	0.1	1	1	1600	0	34.0	2.0	13
2020105750	2023-07-15	5	111.0	1.0	0	1	1600	0	34.2	5.0	8
2020105750	2023-08-12	1	1146.4	0.0	0	1	1800	0	34.6	5.0	16
2020105750	2023-09-02	2	626.2	0.0	1	1	1800	2	36.7	5.0	10
2020105750	2023-10-01	2	628.2	0.0	1	1	1800	2	33.7	5.0	11
2020105750	2023-10-29	7	0.0	1.0	0	1	1800	0	33.6	5.0	9
2020105750	2024-02-24	8	0.0	0.2	0	1	2000	2	35.8	5.0	15
2020105750	2024-03-31	7	0.0	1.1	1	1	2000	0	34.9	3.0	15
2020105750	2024-04-27	5	155.0	0.6	0	1	1800	0	34.6	5.0	10
2020105750	2024-05-11	3	393.6	0.4	0	1	2000	0	33.2	5.0	11
2020105750	2024-06-15	1	1580.1	0.0	1	1	2000	0	33.5	5.0	13
2020105750	2024-07-20	1	1865.9	0.0	0	1	2000	2	35.5	4.0	12
2020105750	2024-09-14	5	240.0	0.7	0	1	2000	0	33.9	5.0	11
2020105750	2024-11-03	5	570.0	0.4	0	1	2500	0	35.4		16
2020105750	2024-12-07	13	0.0	1.4	1	1	2000	0	35.4		18
2020105750	2025-01-19	7	0.0	1.3	0	1	2200	0	35.9		16
2020105750	2025-04-13	7	0.0	1.0	3	1	2600	2	35.2	5.0	11
2020105750	2025-05-17	9	0.0	0.8	1	1	2000	2	34.5		16
2020105750	2025-06-29	3	1107.1	0.3	0	1	2000	0	34.2		14
2020105750	2025-07-20	12	0.0	1.0	0	1	2000	0	36.0		16
2020105750	2025-10-25	9	0.0	0.5	1	1	1800	0	33.9		10
2020105750	2025-11-15	5	280.0	0.4	0	1	2000	0	34.5		16
2020105750	2025-12-21	10	0.0	1.2	1	1	1800	1	35.0		16
2020105750	2026-01-25	15	0.0	1.5	0	1	2200	0	35.8		16
2020106930	2022-09-19	13	0.0	2.7	1	1	1600	2	37.9	0.0	14
2020106930	2022-10-09	7	0.0	0.6	1	1	1600	0	35.0	1.0	12
2020106930	2023-01-28	5	55.0	0.8	0	0	1600	0	39.4	1.0	16
2020106930	2023-02-19	5	55.0	1.4	1	0	1400	2	38.1	1.0	16
2020106930	2023-04-16	2	220.0	0.1	1	0	1200	3	36.8	1.0	16
2020106930	2023-06-24	6	0.0	0.8	1	1	1200	2	35.3	1.0	16
2020106930	2023-09-10	6	0.0	0.6	0	0	1200	2	37.2	2.0	16
2020106930	2023-10-14	3	200.0	0.1	0	0	1400	0	36.7	2.0	16
2020106930	2023-10-28	1	800.0	0.0	0	0	1400	0	36.6	2.0	16
2020106930	2023-12-03	4	120.0	0.5	0	0	1200	0	37.1	2.0	16
2020106930	2023-12-28	8	0.0	0.6	0	0	1200	0	37.7	2.0	16
2020106930	2024-04-20	5	80.0	0.5	1	0	1400	0	37.1	2.0	15
2020106930	2024-05-18	4	120.0	0.3	0	0	1400	0	36.0	2.0	16
2020106930	2024-06-08	11	0.0	1.9	0	0	1400	0	39.2	2.0	16
2020106930	2024-09-07	5	80.0	0.4	0	0	1200	0	37.0	2.0	16
2020106930	2024-09-29	4	120.0	0.7	1	0	1200	0	36.7	2.0	16
2020106930	2024-11-09	2	320.0	0.8	0	0	1150	0	36.6	2.0	16
2020106930	2024-11-16	2	320.0	0.2	0	0	1150	0	37.1	2.0	16
2020106930	2025-02-16	3	200.0	0.7	1	0	1000	0	35.8	2.0	14
2020106930	2025-02-22	2	320.0	0.0	0	0	1000	0	35.1	2.0	13
2020106930	2025-04-27	3	200.0	1.2	0	0	1150	0	36.9	2.0	12
2020106930	2025-05-17	7	0.0	0.4	1	0	1200	2	37.5	2.0	15
2020106930	2025-07-13	3	200.0	0.3	0	0	1150	0	36.9	2.0	15
2020106930	2025-07-26	5	80.0	0.6	0	0	1200	0	37.6	2.0	14
2020106930	2025-09-25	5	40.0	1.3	1	0	1400	0	38.6	5.0	11
2020106930	2025-11-08	2	320.0	0.0	0	0	1150	0	36.5	2.0	16
2020106930	2025-11-22	4	120.0	0.4	0	0	1150	0	37.5	2.0	16
2021100165	2024-01-07	5	62.0	0.8	1	1	2000	0	36.6	0.0	17
2021100165	2024-02-03	3	140.0	0.3	1	1	1800	0	36.3	1.0	12
2021100165	2024-07-28	1	550.0	0.0	1	1	2000	1	35.6	1.0	15
2021100165	2024-08-17	5	111.0	0.5	1	1	2000	0	35.8	5.0	12
2021100165	2024-10-14	12	0.0	1.7	0	1	2000	0	37.2	2.0	12
2021100165	2024-11-10	2	320.0	0.1	0	1	1800	0	36.7	2.0	16
2021100165	2024-11-16	3	287.3	0.2	1	1	1800	0	34.7	5.0	16
2021100165	2025-01-25	12	0.0	1.5	0	1	1800	0	36.8	2.0	16
2021100165	2025-04-12	5	111.0	0.5	1	1	1800	0	35.2	5.0	14
2021100165	2025-04-26	3	285.1	0.5	0	1	2000	0	35.7	5.0	13
2021100165	2025-06-28	14	0.0	2.7	0	1	1800	2	38.3	2.0	16
2021100165	2025-07-13	10	0.0	2.2	0	0	1700	0	38.6	2.0	12
2021100165	2025-08-23	7	0.0	1.1	0	1	1500	2	36.5	2.0	14
2021100165	2025-10-13	11	0.0	0.5	1	1	1600	0	34.2	2.0	18
2021100165	2025-11-16	6	0.0	0.7	0	1	2000	0	34.7	2.0	16
2021100165	2026-02-01	2	330.0	0.0	1	1	1800	0	33.7	2.0	13
2021100292	2023-08-26	7	0.0	1.9	0	1	2000	0	36.9	0.0	12
2021100292	2023-09-18	4	83.0	1.8	0	0	1800	0	41.4	1.0	11
2021100292	2023-10-07	3	140.0	1.5	0	0	1800	0	39.7	1.0	16
2021100292	2023-12-17	1	550.0	0.0	0	0	1800	2	38.4	1.0	16
2021100292	2024-01-28	3	273.2	0.2	2	0	1700	0	38.2	2.0	10
2021100292	2024-03-09	5	78.0	1.5	0	0	1800	2	39.0	2.0	14
2021100292	2024-05-12	5	78.0	1.9	1	0	1800	0	37.8	2.0	16
2021100292	2024-06-23	2	320.0	0.0	1	0	1700	0	37.5	2.0	10
2021100292	2024-07-06	1	800.0	0.0	1	0	1700	2	37.4	2.0	10
2021100292	2024-08-03	2	629.2	0.6	1	0	1700	0	37.0	5.0	14
2021100292	2025-01-06	4	230.0	0.7	3	0	1800	0	37.8	5.0	16
2021100292	2025-01-25	2	630.6	0.0	0	0	1700	0	37.7	5.0	16
2021100292	2025-02-09	2	630.2	0.2	0	0	1700	2	37.8	5.0	16
2021100292	2025-03-01	5	155.0	0.4	1	0	1700	0	36.6	5.0	15
2021100292	2025-04-27	4	230.0	0.4	0	0	1700	0	39.3	5.0	15
2021100292	2025-06-22	3	394.5	0.3	1	0	1700	1	37.1	5.0	14
2021100292	2025-07-05	7	0.0	1.1	0	0	1700	1	38.1	5.0	14
2021100292	2025-08-10	9	0.0	2.0	1	0	1700	0	38.8	5.0	14
2021100292	2025-11-09	3	395.3	0.2	2	0	1700	0	37.9	3.0	15
2021100292	2026-01-25	3	405.2	0.1	0	0	1700	0	36.9	5.0	16
2021100454	2024-03-23	5	55.0	0.6	1	1	1600	0	34.6	1.0	16
2021100454	2024-04-13	7	0.0	1.3	0	1	2000	0	37.1	1.0	16
2021100454	2024-07-27	1	550.0	0.0	1	1	1400	0	35.3	1.0	18
2021100454	2024-09-22	5	80.0	0.2	1	1	1600	0	35.0	2.0	16
2021100454	2024-12-01	6	0.0	0.9	0	1	1400	0	34.9	2.0	18
2021100454	2025-03-08	8	0.0	0.6	2	1	1600	0	36.3	2.0	16
2021100454	2025-06-14	14	0.0	0.9	2	1	1400	0	35.4	2.0	18
2021100454	2025-07-27	12	0.0	0.8	0	1	1400	0	35.1	2.0	16
2021100454	2025-09-21	14	0.0	1.4	1	1	1200	0	33.6	2.0	16
2021100454	2026-01-25	10	0.0	1.3	0	1	1800	0	37.7	2.0	16
2021100639	2023-10-22	6	0.0	1.6	0	0	1400	0	37.5	0.0	15
2021100639	2023-11-05	6	0.0	1.9	1	0	1600	0	38.3	1.0	13
2021100639	2024-01-13	4	83.0	0.7	0	0	1400	0	37.3	1.0	14
2021100639	2024-02-03	4	83.0	0.6	1	0	1400	0	37.7	1.0	14
2021100639	2024-02-17	5	55.0	1.0	1	0	1400	2	38.6	1.0	16
2021100639	2024-03-09	5	55.0	0.9	0	0	1400	2	38.0	1.0	16
2021100639	2024-03-31	2	220.0	0.3	0	0	1400	0	38.9	1.0	16
2021100639	2024-04-13	2	220.0	0.4	0	0	1200	0	36.9	1.0	16
2021100639	2024-04-28	1	550.0	0.0	0	0	1400	0	38.6	1.0	16
2021100639	2024-11-16	1	800.0	0.0	2	0	1400	0	37.6	2.0	16
2021100639	2024-12-01	6	0.0	0.9	0	0	1400	0	36.0	3.0	16
2021100639	2024-12-22	8	0.0	0.7	0	0	1400	0	37.9	3.0	16
2021100639	2025-03-23	7	0.0	1.3	0	0	1400	0	37.4	3.0	16
2021100639	2025-10-26	9	0.0	1.1	1	0	1400	1	36.5	5.0	16
2021101045	2024-02-03	3	160.0	1.0	0	1	1600	0	34.1	0.0	16
2021101045	2024-02-25	14	0.0	2.8	2	1	2200	2	38.8	1.0	16
2021101045	2024-03-16	1	550.0	0.0	0	0	1800	0	39.4	1.0	13
2021101045	2024-05-05	6	0.0	2.4	0	0	2100	0	39.4	2.0	16
2021101045	2024-06-22	15	0.0	2.9	0	0	1600	1	39.1	2.0	16
2021101045	2024-08-11	1	800.0	0.0	0	0	1700	0	38.9	2.0	12
2021101045	2024-09-03	11	0.0	5.6	0	0	2000	2	41.1		12
2021101045	2024-11-10	15	0.0	4.7	0	0	1700	0	42.8	3.0	15
2021101045	2024-12-07	12	0.0	1.9	1	0	1800	0	38.5	5.0	16
2021101045	2025-01-19	10	0.0	0.9	1	1	1800	0	35.3	3.0	14
2021101045	2025-02-16	5	114.0	0.6	0	1	1600	0	34.7	3.0	13
2021101045	2025-03-08	12	0.0	2.8	1	1	2000	0	37.3	5.0	12
2021101045	2025-06-15	4	230.0	0.4	1	0	1700	0	37.4	5.0	14
2021101045	2025-06-22	2	629.0	0.2	1	0	1700	1	37.1	5.0	14
2021101045	2025-07-20	4	230.0	0.2	0	0	1700	0	37.7	5.0	12
2021101045	2025-08-10	2	629.4	1.0	1	0	1700	0	38.3	5.0	14
2021101045	2025-08-30	3	394.8	0.4	1	0	1700	1	38.0	5.0	14
2021101045	2025-09-28	8	0.0	1.2	0	0	1800	0	38.4	3.0	16
2021101045	2025-11-15	2	632.0	0.1	0	0	1700	0	37.2	5.0	15
2021101045	2025-12-13	7	0.0	0.6	1	0	1800	0	37.5	5.0	16
2021101166	2023-11-11	12	0.0	1.7	1	1	1600	0	35.4	0.0	14
2021101166	2023-12-02	11	0.0	2.8	0	0	1800	0	42.9	1.0	16
2021101166	2024-04-13	8	0.0	1.4	0	1	2000	0	37.0	1.0	16
2021101166	2024-05-04	7	0.0	2.4	0	0	1800	0	39.0	1.0	15
2021101166	2024-06-08	9	0.0	1.2	0	1	1800	0	34.3	1.0	18
2021101166	2024-07-27	6	0.0	0.8	0	1	1800	0	34.7	1.0	18
2021101166	2024-08-24	10	0.0	1.4	0	1	2000	0	36.0	1.0	18
2021101166	2025-02-02	14	0.0	4.7	3	0	2100	2	39.7	2.0	14
2021101166	2025-07-06	13	0.0	9.7	0	2	2750	0	14.1	1.0	14
2021101166	2025-09-15	11	0.0	3.1	1	1	2500	0	37.6	2.0	14
2021101166	2025-11-24	14	0.0	1.3	1	1	2600	0	35.8	5.0	16
2021101432	2024-10-20	2	14.0	0.4	0	0	1200	1	38.9	10.0	12
2021101432	2024-11-03	1	40.0	0.0	0	0	1200	0	38.1	10.0	12
2021101432	2024-11-18	6	0.0	1.5	1	0	1300	2	41.3	10.0	10
2021101432	2024-12-03	8	0.0	2.3	1	0	1300	1	43.3	10.0	9
2021101432	2024-12-17	5	2.8	0.4	0	0	1300	3	40.6	10.0	11
2021101432	2025-03-17	1	40.0	0.0	2	0	850	1	35.8	10.0	10
2021101432	2025-04-14	1	50.0	0.0	1	0	850	3	35.5	11.0	9
2021101432	2025-10-18	15	0.0	2.8	1	0	1200	0	39.2	2.0	15
2021101432	2025-12-28	15	0.0	2.1	0	0	1200	0	39.7	2.0	16
2021101521	2024-07-28	15	0.0	5.5	1	1	2000	1	40.5	1.0	15
2021101521	2024-08-20	1	40.0	0.0	1	0	1200	1	37.8		9
2021101521	2024-09-03	2	11.2	0.1	0	0	1200	0	38.5	9.0	9
2021101521	2024-09-17	4	5.6	1.2	0	0	1200	2	38.9	9.0	12
2021101521	2024-10-09	2	11.2	0.2	0	0	1600	2	39.7	9.0	8
2021101521	2024-10-24	8	0.0	3.6	0	0	1600	1	42.9	9.0	8
2021101521	2024-10-29	1	40.0	0.0	0	0	1000	0	37.3	10.0	12
2021101521	2025-01-06	4	120.0	0.2	1	0	1200	0	38.5	2.0	16
2021101521	2025-02-02	4	120.0	0.3	1	0	1000	3	35.3	2.0	14
2021101521	2025-02-16	4	120.0	0.7	1	0	1000	0	36.1	2.0	14
2021101521	2025-04-13	3	200.0	0.5	2	0	1150	0	37.3	2.0	16
2021101521	2025-05-04	9	0.0	1.4	0	0	1200	2	38.3	2.0	14
2021101521	2025-12-06	15	0.0	2.8	1	0	1200	0	40.0	2.0	16
2021102151	2023-10-08	5	72.0	1.1	1	1	1800	0	35.1	0.0	12
2021102151	2023-10-21	11	0.0	2.9	3	0	1800	1	42.1	1.0	15
2021102151	2024-02-03	15	0.0	3.0	1	0	1700	0	41.6	1.0	16
2021102151	2024-02-11	7	0.0	1.0	1	1	1600	0	36.3	1.0	14
2021102151	2024-06-08	13	0.0	2.3	0	1	1200	0	36.0	1.0	16
2021102151	2024-06-23	4	83.0	0.5	1	1	1800	0	37.2	1.0	16
2021102151	2024-06-29	7	0.0	0.5	0	1	1800	0	35.8	1.0	16
2021102151	2024-07-20	4	83.0	0.6	0	1	1800	0	35.6	1.0	14
2021102151	2024-08-11	8	0.0	0.7	0	1	1500	0	35.4	1.0	14
2021102151	2024-08-25	5	80.0	0.7	0	0	1000	0	35.7	2.0	12
2021102151	2024-09-01	5	55.0	0.6	0	0	1700	1	38.3	1.0	14
2021102151	2024-11-26	8	0.0	1.3	3	0	1700	1	41.6	10.0	12
2021102151	2024-12-25	2	24.5	0.9	0	0	1230	0	39.4	10.0	12
2021102151	2025-01-14	2	28.0	0.1	1	0	1230	0	39.9	10.0	12
2021102151	2025-02-07	3	14.0	0.2	4	0	1400	0	39.8	10.0	10
2021102151	2025-02-25	1	70.0	0.0	0	0	1400	0	38.6	10.0	9
2021102151	2025-06-19	2	28.0	0.7	0	0	1400	0	39.8	10.0	10
2021102151	2025-07-10	5	7.0	1.1	0	0	1400	0	38.9	10.0	10
2021102151	2025-08-07	3	17.5	0.3	0	0	1400	0	39.3	10.0	10
2021102151	2025-09-07	1	60.0	0.0	0	0	1300	1	37.8	9.0	10
2021102151	2025-09-21	2	28.0	0.0	0	0	1300	2	39.4	10.0	9
2021102151	2025-10-04	1	130.0	0.0	1	0	1600	1	40.7	5.0	9
2021102151	2025-11-02	1	90.0	0.0	1	0	1400	1	38.6	11.0	12
2021102151	2025-11-16	9	0.0	2.7	0	0	1300	2	41.4	5.0	9
2021102151	2025-11-30	1	90.0	0.0	0	0	1600	0	39.9	5.0	8
2021102401	2023-11-25	5	72.0	0.9	0	1	1400	0	35.6	0.0	12
2021102401	2023-12-17	4	83.0	0.4	0	1	1400	2	36.2	1.0	15
2021102401	2024-05-11	4	83.0	0.5	0	1	1400	0	36.4	1.0	16
2021102401	2024-06-09	3	140.0	0.6	1	1	1200	0	34.9	1.0	16
2021102401	2024-06-22	3	140.0	0.2	0	1	1200	0	34.9	1.0	16
2021102401	2024-07-21	2	220.0	0.3	0	1	1200	0	34.3	1.0	16
2021102401	2024-08-04	3	140.0	0.1	1	1	1200	2	35.5	1.0	16
2021102401	2024-08-17	1	550.0	0.0	1	1	1200	0	35.1	1.0	16
2021102401	2024-10-20	16	0.0	1.9	0	1	1400	0	37.7	5.0	18
2021102401	2024-11-09	9	0.0	0.9	0	1	1200	0	36.3	2.0	16
2021102401	2025-02-08	9	0.0	0.9	1	1	1200	2	35.8	2.0	18
2021102401	2025-04-13	7	0.0	1.2	1	1	1200	0	35.0	2.0	16
2021102401	2025-06-29	5	80.0	0.4	0	1	1200	0	34.8	2.0	11
2021102401	2025-07-19	15	0.0	1.4	0	1	1200	0	35.5	2.0	16
2021102401	2025-08-17	4	170.0	0.2	1	1	1200	2	35.5	5.0	16
2021102401	2025-08-30	13	0.0	1.9	1	1	1200	2	37.1	2.0	15
2021102401	2025-11-15	4	120.0	0.2	0	1	1200	0	35.6	2.0	16
2021102401	2025-12-13	4	120.0	0.2	0	1	1200	0	33.8	2.0	18
2021103535	2023-12-09	2	290.0	0.1	0	1	1400	0	35.3	0.0	12
2021103535	2024-01-07	1	550.0	0.0	1	1	1600	0	35.3	1.0	16
2021103535	2024-02-10	4	120.0	0.9	0	1	1400	0	34.7	2.0	13
2021103535	2024-04-06	12	0.0	0.9	1	1	1600	2	35.8		16
2021103535	2024-04-28	9	0.0	1.5	0	1	1400	0	34.5	2.0	11
2021103535	2024-05-25	13	0.0	1.8	0	1	1400	0	35.0	2.0	15
2021103535	2024-08-10	15	0.0	1.6	0	1	1200	0	36.4	2.0	16
2021103535	2024-12-21	15	0.0	2.6	0	0	1200	0	39.5	2.0	16
2021103535	2025-05-18	10	0.0	1.0	0	1	1200	2	34.4	2.0	16
2021103535	2025-06-14	11	0.0	1.4	0	1	1200	0	35.5	2.0	14
2021103535	2025-07-05	8	0.0	1.8	0	1	1200	2	36.8	2.0	9
2021103535	2025-07-26	4	120.0	0.4	1	1	1200	0	34.1	2.0	8
2021103535	2025-08-30	10	0.0	1.2	1	1	1200	2	35.2	2.0	15
2021103535	2025-12-07	17	0.0	0.9	0	1	1400	0	34.3	2.0	18
2021104426	2023-12-10	3	180.0	0.3	0	1	2000	0	35.3	0.0	8
2021104426	2023-12-28	4	83.0	0.5	0	1	1800	0	34.7	1.0	14
2021104426	2024-01-21	8	0.0	2.9	1	1	2000	3	39.5	1.0	8
2021104426	2024-05-18	5	55.0	0.3	0	1	2000	0	34.7	1.0	14
2021104426	2024-06-09	8	0.0	1.8	1	1	1600	2	36.2	1.0	18
2021104426	2024-09-03	1	120.0	0.0	1	0	1500	2	38.3		11
2021104426	2024-10-27	8	0.0	1.0	1	0	1400	0	38.1	2.0	15
2021104426	2024-11-03	12	0.0	3.1	0	0	1600	1	40.1	2.0	16
2021104426	2025-02-10	11	0.0	2.0	0	0	1400	0	40.1	2.0	15
2021104426	2025-02-22	13	0.0	1.6	1	0	1200	0	38.2	2.0	16
2021104426	2025-08-05	3	20.0	0.1	0	1	1700	2	36.6	14.0	12
2021104426	2025-08-16	8	0.0	0.8	0	1	1600	0	34.8	2.0	10
2021104426	2025-08-30	12	0.0	2.7	0	0	1400	0	40.2	2.0	12
2021104426	2025-12-06	13	0.0	0.9	0	1	1600	0	34.1	2.0	15
2021104426	2026-01-05	12	0.0	0.9	0	1	1600	0	35.0	2.0	15
2021104455	2024-06-08	5	55.0	2.0	0	0	1000	0	36.9	1.0	12
2021104455	2024-06-23	8	0.0	1.5	1	0	1000	0	36.9	1.0	11
2021104455	2024-07-07	4	83.0	0.4	2	0	1000	1	36.0	1.0	12
2021104455	2024-08-24	7	0.0	1.4	1	0	1000	0	36.9	1.0	11
2021104455	2024-09-25	1	40.0	0.0	0	0	1000	0	37.2		12
2021104455	2024-10-08	1	55.0	0.0	0	0	1200	2	37.7	9.0	9
2021104455	2025-04-26	5	80.0	0.7	0	0	1150	0	37.8	2.0	16
2021104455	2025-05-25	15	0.0	2.8	2	0	1200	2	39.0	2.0	15
2021104455	2025-11-08	4	120.0	0.5	0	0	1150	0	37.5	2.0	16
2021104455	2025-11-22	3	200.0	0.2	0	0	1150	0	37.3	2.0	16
2021104780	2024-04-21	12	0.0	1.9	2	1	1600	0	34.8	1.0	18
2021104780	2024-05-05	8	0.0	1.7	0	1	2300	0	35.2	1.0	14
2021104780	2024-06-08	14	0.0	2.4	0	1	2400	0	35.5	1.0	18
2021104780	2024-06-30	1	550.0	0.0	0	0	1700	0	39.5	1.0	14
2021104780	2024-08-17	4	120.0	1.2	1	0	1700	0	38.3	2.0	9
2021104780	2024-12-21	6	0.0	0.9	1	0	1800	0	38.4	2.0	15
2021104780	2025-04-12	5	80.0	0.4	0	0	1800	0	38.6	2.0	9
2021104780	2025-10-25	13	0.0	3.1	0	0	1800	0	40.6	2.0	14
2021104780	2025-11-15	8	0.0	1.8	0	0	2400	0	41.6	2.0	16
2021104780	2026-01-24	6	0.0	2.1	0	0	2400	0	39.2	2.0	7
2021105168	2023-10-29	4	110.0	0.3	2	1	1400	3	37.2	0.0	17
2021105168	2023-11-18	16	0.0	2.8	0	1	1800	2	41.1	1.0	16
2021105168	2024-01-14	2	220.0	0.5	0	1	1800	0	36.2	1.0	16
2021105168	2024-02-04	1	550.0	0.0	1	1	1800	1	36.3	1.0	12
2021105168	2024-04-06	13	0.0	1.9	1	1	2000	0	37.2	2.0	13
2021105168	2024-04-27	10	0.0	1.5	1	1	2200	0	36.9	2.0	12
2021105168	2024-08-17	5	80.0	0.9	0	1	1800	0	35.3	2.0	18
2021105168	2024-09-08	16	0.0	1.9	0	1	1600	0	34.7	2.0	16
2021105168	2024-10-19	4	120.0	0.6	2	1	1800	0	35.9	2.0	10
2021105168	2024-11-17	6	0.0	0.6	0	1	2000	0	36.0	2.0	16
2021105168	2025-02-16	4	120.0	0.6	1	1	1800	0	36.1	2.0	16
2021105168	2025-03-01	11	0.0	1.5	1	1	1800	0	38.0	2.0	15
2021105168	2025-04-27	7	0.0	0.6	0	1	1800	0	36.9	2.0	16
2021105168	2025-05-10	2	446.6	0.3	1	1	1600	2	34.8	5.0	8
2021105168	2025-07-13	6	0.0	0.7	0	1	1800	0	36.7	2.0	13
2021105168	2025-08-02	6	0.0	0.8	0	1	1600	0	33.6	5.0	14
2021105168	2025-10-05	7	0.0	0.9	1	1	1800	0	34.3	2.0	14
2021105168	2025-10-26	12	0.0	1.6	3	1	1600	2	36.5	5.0	14
2021105168	2025-12-06	2	320.0	0.2	0	1	1600	0	34.5	2.0	16
2021105168	2025-12-21	7	0.0	0.5	3	1	1600	2	35.5	2.0	16
2021105563	2023-07-15	3	180.0	0.9	0	1	1400	0	35.6	0.0	8
2021105563	2023-09-24	3	140.0	0.8	0	1	1600	0	34.5	1.0	9
2021105563	2023-10-21	5	55.0	0.7	1	1	1400	0	35.8	1.0	11
2021105563	2023-12-17	13	0.0	0.8	0	1	1400	0	36.0	1.0	16
2021105563	2024-01-07	11	0.0	1.2	0	1	1600	0	37.4	1.0	17
2021105563	2024-04-13	10	0.0	1.2	0	1	1600	0	34.6	1.0	18
2021105563	2024-05-12	4	83.0	0.7	1	1	1200	0	33.8	1.0	18
2021105563	2024-06-08	2	220.0	0.1	0	1	1200	0	34.5	1.0	18
2021105563	2024-06-29	2	220.0	0.0	1	1	1200	0	35.5	1.0	18
2021105563	2024-07-21	8	0.0	1.1	0	1	1200	0	35.8	1.0	18
2021105563	2024-09-03	4	37.5	1.1	1	0	1600	1	43.2	11.0	7
2021105563	2024-09-21	10	0.0	1.1	0	1	2000	0	35.5	2.0	16
2021105563	2024-11-14	2	24.5	1.4	0	0	1400	0	40.2	10.0	8
2021105563	2024-12-05	1	70.0	0.0	0	0	1400	0	41.2	10.0	12
2021105563	2024-12-31	5	7.0	0.6	1	0	1400	0	40.3	10.0	10
2021105563	2025-02-11	3	14.0	0.9	0	0	1400	0	40.6	10.0	10
2021105563	2025-03-05	4	10.5	0.5	1	0	1400	3	40.1	10.0	9
2021105563	2025-03-26	2	24.5	0.4	0	0	1230	0	40.1	10.0	12
2021105563	2025-04-15	12	0.0	4.3	1	0	1230	2	44.7	10.0	12
2021105563	2025-06-05	1	70.0	0.0	0	0	1230	2	40.6	10.0	12
2021105563	2025-09-17	1	60.0	0.0	1	0	1230	0	39.1	9.0	12
2021105563	2025-11-15	8	0.0	0.4	0	1	1200	0	35.4	2.0	16
2021105563	2025-12-06	15	0.0	1.0	0	1	1600	0	34.5	2.0	15
2021105563	2025-12-28	15	0.0	3.2	0	0	1400	0	39.5	2.0	16
2021105857	2023-10-22	4	110.0	1.1	0	0	1200	0	36.8	0.0	12
2021105857	2023-12-16	7	0.0	1.1	1	0	1400	2	39.0	1.0	16
2021105857	2024-01-14	3	140.0	0.1	0	0	1800	0	38.3	1.0	12
2021105857	2024-02-04	3	140.0	0.6	1	0	1800	0	39.3	1.0	7
2021105857	2024-05-04	3	140.0	0.6	0	0	1800	0	38.1	1.0	15
2021105857	2024-05-18	4	83.0	1.0	0	0	1800	0	38.2	1.0	15
2021105857	2024-06-02	3	140.0	0.3	1	0	1800	2	39.5	1.0	16
2021105857	2024-06-15	1	550.0	0.0	0	0	1800	0	38.4	1.0	16
2021105857	2024-08-25	8	0.0	1.9	1	0	1900	0	40.2	2.0	14
2021105857	2024-09-08	6	0.0	2.8	0	0	1800	0	39.1	2.0	10
2021105857	2024-09-28	11	0.0	1.6	1	1	2200	0	37.3	2.0	14
2021105857	2025-01-05	5	80.0	1.4	0	0	1800	0	37.1	2.0	16
2021105857	2025-01-26	3	200.0	0.8	0	0	1800	0	37.7	2.0	13
2021105857	2025-02-15	2	320.0	0.0	1	0	1700	0	37.8	2.0	11
2021105857	2025-04-27	4	120.0	1.0	0	0	1800	0	38.6	2.0	12
2021105857	2025-06-28	8	0.0	1.7	0	0	1700	0	37.1	2.0	15
2021105857	2025-08-30	4	120.0	1.5	0	0	1800	0	36.8	2.0	10
2021105857	2025-09-15	9	0.0	2.1	0	0	1800	0	39.0	2.0	13
2021105857	2025-11-22	10	0.0	1.6	0	0	1800	0	37.7	2.0	16
2021105931	2024-01-06	6	0.0	0.7	0	0	1800	0	37.7	0.0	16
2021105931	2024-02-24	1	550.0	0.0	1	0	1800	2	39.3	1.0	11
2021105931	2024-05-19	3	200.0	0.5	2	0	1800	0	37.4	2.0	12
2021105931	2024-06-09	2	320.0	0.2	1	0	1800	2	37.9	2.0	16
2021105931	2025-02-09	1	800.0	0.0	0	0	1800	2	37.7	2.0	10
2021105931	2025-03-09	11	0.0	1.2	0	0	1800	0	38.8	3.0	12
2021105931	2025-06-01	6	0.0	0.5	0	0	1800	0	38.1	5.0	14
2021105931	2025-07-05	3	393.7	0.6	0	0	1700	0	37.5	3.0	11
2021105931	2025-11-15	4	230.0	0.8	0	0	1700	0	37.5	5.0	15
2021105931	2025-12-07	6	0.0	0.4	0	0	1800	0	38.1	5.0	13
2021105931	2026-01-25	2	640.4	0.0	0	0	1700	0	36.3	5.0	16
2021106419	2024-06-09	8	0.0	0.5	1	0	1600	0	37.4	1.0	16
2021106419	2024-06-30	9	0.0	1.2	0	0	1700	0	39.7	1.0	14
2021106419	2024-07-07	6	0.0	1.4	2	0	1700	1	38.9	1.0	12
2021106419	2024-08-03	7	0.0	2.0	0	0	1700	0	39.1	1.0	14
2021106419	2024-09-17	5	4.0	1.3	1	0	1500	0	40.1	10.0	11
2021106419	2024-09-30	2	12.8	0.6	0	0	1500	0	40.0	10.0	8
2021106419	2024-10-13	1	40.0	0.0	0	0	1500	0	38.3	10.0	10
2021106419	2024-10-27	4	4.8	0.8	0	0	1500	0	40.1	10.0	8
2021106419	2024-11-12	1	40.0	0.0	0	0	1500	0	38.1	10.0	9
2021106419	2024-12-03	1	42.0	0.0	3	0	1400	1	37.9	11.0	9
2021106419	2025-08-09	9	0.0	2.1	0	0	1800	0	39.6	2.0	14
2021106419	2025-09-06	7	0.0	2.4	0	0	1800	2	38.9	2.0	7
2021106419	2025-09-27	11	0.0	1.4	0	0	1800	0	38.4	2.0	16
2021106519	2024-01-21	6	0.0	0.8	2	1	2000	3	38.6	0.0	17
2021106519	2024-05-19	5	55.0	1.1	0	1	1800	0	35.8	1.0	16
2021106519	2024-06-09	9	0.0	0.9	1	1	1600	0	34.7	1.0	18
2021106519	2024-07-21	14	0.0	2.7	0	1	2000	0	38.8	1.0	16
2021106519	2024-09-01	11	0.0	2.6	0	0	1700	1	40.2	1.0	14
2021106519	2024-11-13	1	80.0	0.0	0	0	1230	0	40.9	10.0	12
2021106519	2024-12-11	11	0.0	3.8	1	0	1230	0	42.8	11.0	12
2021106519	2025-03-26	5	7.0	0.9	0	0	1230	0	40.9	10.0	12
2021106519	2025-04-08	7	0.0	1.1	1	0	1230	0	40.7	10.0	10
2021106519	2025-04-30	2	32.0	0.1	0	0	1230	0	40.1	10.0	12
2021106519	2025-08-14	2	24.0	0.2	0	0	1400	0	41.2	9.0	10
2021106519	2025-09-03	1	60.0	0.0	0	0	1400	0	39.6	9.0	10
2021106519	2025-09-17	4	10.5	0.6	1	0	1400	0	40.2	10.0	9
2021106519	2025-10-10	1	70.0	0.0	0	0	1400	0	39.6	10.0	9
2021106519	2025-11-09	14	0.0	0.9	1	1	1200	0	35.5	2.0	16
2021106519	2025-12-14	15	0.0	3.3	1	0	1200	2	38.6	2.0	16
2021106782	2023-06-18	2	290.0	0.3	0	1	1600	0	34.4	0.0	13
2021106782	2023-07-02	1	550.0	0.0	0	1	1800	0	35.2	1.0	7
2021106782	2023-12-02	4	160.0	0.4	0	1	2000	0	34.5	2.0	9
2021106782	2024-01-14	3	1007.6	0.1	0	1	2000	0	34.8		14
2021106782	2024-03-17	4	675.0	0.7	0	1	1800	0	34.2		10
2021106782	2024-04-27	7	0.0	0.5	1	1	2400	0	34.7		17
2021106782	2024-08-03	3	200.0	0.4	0	1	1800	0	34.9	2.0	13
2021106782	2024-08-17	1	1140.1	0.0	1	1	2000	0	35.4	5.0	12
2021106782	2024-09-16	1	1573.8	0.0	1	1	2000	0	34.8	5.0	10
2021106782	2024-10-20	3	462.8	0.3	0	1	2000	0	34.2	4.0	8
2021106782	2024-11-24	13	0.0	1.3	0	1	2000	0	34.7	4.0	15
2021106782	2025-01-25	1	1877.1	0.0	0	1	2000	0	35.6	4.0	17
2021106782	2025-02-23	9	0.0	0.7	1	1	1800	0	35.3		13
2021106782	2025-04-13	13	0.0	1.1	3	1	2000	0	36.0		15
2021106782	2025-11-15	14	0.0	1.7	0	1	2000	0	36.8		16
2021106782	2025-12-21	14	0.0	1.9	1	1	1800	1	36.8		16
2021107262	2023-10-29	3	180.0	1.2	1	0	1600	0	38.3	0.0	16
2021107262	2023-11-18	5	55.0	0.7	0	0	1600	1	37.5	1.0	15
2021107262	2024-01-27	3	140.0	0.5	0	0	1600	0	38.6	1.0	14
2021107262	2024-02-17	6	0.0	2.2	1	0	1600	0	38.6	1.0	16
2021107262	2024-03-09	3	140.0	0.2	0	0	1800	1	39.6	1.0	14
2021107262	2024-04-06	3	140.0	0.4	1	0	1800	2	40.4	1.0	14
2021107262	2024-05-04	3	140.0	0.3	0	0	1400	2	36.9	1.0	16
2021107262	2024-06-01	2	220.0	0.3	0	0	1400	1	36.1	1.0	16
2021107262	2024-08-17	5	55.0	1.7	1	0	1700	0	39.5	1.0	14
2021107262	2024-09-01	1	550.0	0.0	0	0	1700	1	38.1	1.0	14
2021107262	2024-11-03	7	0.0	1.3	0	0	1600	1	38.1	2.0	16
2021107262	2024-12-07	12	0.0	1.9	0	0	1800	0	39.0	2.0	16
2021107262	2025-05-17	5	80.0	0.8	1	0	1600	3	37.6	2.0	14
2021107262	2025-06-07	7	0.0	0.7	0	0	1600	0	36.8	2.0	16
2021107262	2025-07-27	1	800.0	0.0	0	0	1700	3	37.5	2.0	13
2021107262	2025-08-10	8	0.0	1.8	1	0	1700	0	38.3	5.0	14
2021107262	2025-11-15	7	0.0	1.5	0	0	1700	0	38.3	5.0	15
2021110075	2023-12-17	4	110.0	0.4	0	0	1200	2	37.4	0.0	12
2021110075	2024-01-06	12	0.0	1.4	0	0	1800	0	39.9	1.0	16
2021110075	2024-03-02	5	55.0	0.9	0	0	1000	1	35.1	1.0	14
2021110075	2024-03-23	10	0.0	1.6	3	0	1400	3	37.1	1.0	16
2021110075	2024-06-20	1	150.0	0.0	1	0	1400	2	40.0	5.0	9
2021110075	2024-07-07	7	0.0	0.7	0	0	1000	0	35.5	2.0	14
2021110075	2024-09-08	9	0.0	1.7	0	0	1400	0	38.7	2.0	13
2021110075	2024-09-14	10	0.0	1.5	0	0	1400	0	37.3	2.0	15
2021110075	2024-10-20	5	80.0	0.9	0	0	1200	2	37.2	2.0	13
2021110075	2024-11-03	9	0.0	1.9	0	0	1150	1	36.9	2.0	10
2021110075	2025-02-02	8	0.0	0.8	1	0	1000	3	34.9	2.0	14
2021110075	2025-03-22	7	0.0	1.1	0	0	1200	0	36.4	2.0	16
2021110075	2025-05-03	12	0.0	2.4	0	0	1400	1	36.7	2.0	16
2021110075	2025-05-18	8	0.0	1.0	1	0	1200	0	37.1	2.0	15
2021110075	2025-07-19	8	0.0	0.5	0	0	1150	0	36.5	2.0	11
2021110075	2025-07-26	8	0.0	1.1	0	0	1200	0	36.8	2.0	14
2021110075	2025-10-25	12	0.0	1.0	1	1	1000	0	32.6	5.0	18
2021110075	2025-11-09	11	0.0	1.2	2	1	1200	0	35.2	2.0	16
2022100188	2024-10-05	12	0.0	6.1	0	0	1400	2	41.5	0.0	16
2022100188	2024-11-23	15	0.0	3.1	1	0	1400	0	40.0	1.0	16
2022100188	2025-03-23	13	0.0	1.7	0	1	1400	0	36.8	1.0	18
2022100188	2025-05-20	1	85.0	0.0	0	0	1500	0	40.1	1.0	9
2022100188	2025-07-27	9	0.0	3.1	0	0	1800	0	41.5	2.0	9
2022100188	2025-10-21	2	32.0	0.1	1	0	1500	0	40.3	16.0	8
2022100188	2025-12-21	7	0.0	1.0	2	0	1200	2	37.5	2.0	16
2022100439	2025-01-11	5	62.0	1.6	0	0	1800	0	38.8	0.0	16
2022100439	2025-02-02	3	140.0	0.4	1	0	1800	2	39.5	1.0	12
2022100439	2025-03-09	4	84.0	1.2	0	0	1800	0	38.3	1.0	15
2022100439	2025-03-23	2	220.0	1.0	0	0	1800	0	39.7	1.0	11
2022100439	2025-05-18	1	560.0	0.0	0	0	1800	1	37.9	1.0	12
2022100439	2025-05-31	3	483.1	0.4	1	0	1800	0	36.5		9
2022100439	2025-07-13	8	0.0	1.4	1	0	1700	0	40.0	2.0	16
2022100439	2025-07-26	2	624.4	0.2	0	0	1800	0	38.0	5.0	7
2022100439	2025-09-21	6	0.0	0.4	1	0	1800	0	37.8	2.0	13
2022100439	2025-10-13	6	0.0	1.9	0	0	1800	0	38.9	2.0	13
2022100439	2025-10-26	3	200.0	0.7	1	0	1800	1	36.3	2.0	12
2022100439	2025-12-06	4	120.0	0.4	0	0	1800	0	38.0	2.0	14
2022100439	2026-01-04	2	330.0	0.5	1	0	1800	0	37.2	2.0	10
2022100439	2026-01-17	3	210.0	1.2	0	0	1800	0	37.7	2.0	8
2022100618	2024-09-28	1	720.0	0.0	1	0	1200	0	37.5	0.0	16
2022100618	2024-12-21	12	0.0	2.9	0	0	1200	0	39.4	2.0	16
2022100618	2025-03-23	8	0.0	1.3	0	0	1200	0	37.3	2.0	15
2022100618	2025-06-08	14	0.0	2.9	0	0	1400	0	38.9	2.0	16
2022100618	2025-11-01	11	0.0	2.7	1	0	1400	1	37.6	2.0	15
2022100618	2025-11-15	16	0.0	4.6	0	0	1400	0	40.5	2.0	16
2022100618	2026-01-25	14	0.0	3.6	0	0	1000	0	38.3	2.0	14
2022100664	2024-10-26	3	180.0	0.9	1	0	1400	0	37.8	0.0	16
2022100664	2024-11-30	2	220.0	0.3	0	0	1400	2	37.2	1.0	13
2022100664	2024-12-15	3	140.0	1.2	0	0	1400	0	38.4	1.0	16
2022100664	2025-01-25	1	560.0	0.0	0	0	1700	0	37.0	1.0	12
2022100664	2025-02-09	8	0.0	2.5	0	0	1800	2	39.9	2.0	10
2022100664	2025-03-15	7	0.0	0.9	2	0	1400	0	36.9	2.0	16
2022100664	2025-05-04	3	200.0	0.4	0	0	1400	0	37.0	2.0	15
2022100664	2025-05-25	7	0.0	1.1	1	0	1400	3	37.1	2.0	9
2022100664	2025-07-19	1	800.0	0.0	1	0	1700	1	36.1	2.0	16
2022100664	2025-09-06	3	393.0	0.8	0	0	1800	2	37.4	5.0	9
2022100664	2025-09-20	8	0.0	1.9	1	0	1800	0	39.8	3.0	16
2022100664	2025-11-09	15	0.0	2.9	2	0	1700	0	39.6	3.0	15
2022100664	2025-11-23	8	0.0	1.2	0	0	1800	0	37.3	3.0	14
2022100664	2026-01-25	13	0.0	1.5	0	0	1700	0	38.2	5.0	16
2022100736	2024-10-12	7	0.0	1.0	0	0	1800	0	39.7	0.0	16
2022100736	2024-10-27	2	220.0	0.9	0	0	1800	0	40.0	1.0	13
2022100736	2024-11-17	2	220.0	0.4	1	0	1800	0	37.9	1.0	12
2022100736	2024-12-07	2	220.0	1.3	0	0	1800	0	37.7	1.0	7
2022100736	2025-03-22	1	560.0	0.0	0	0	1800	0	39.0	1.0	12
2022100736	2025-04-12	10	0.0	1.8	0	0	1800	0	40.3	2.0	11
2022100736	2025-04-26	8	0.0	1.3	0	0	1800	0	38.6	2.0	12
2022100736	2025-10-05	1	800.0	0.0	2	0	1800	1	36.7	2.0	14
2022100736	2025-10-19	6	0.0	1.2	1	0	1800	0	38.4	5.0	14
2022100736	2025-11-16	2	460.0	0.1	0	0	1800	0	38.1	3.0	16
2022100736	2025-12-13	4	230.0	0.3	1	0	1800	0	37.3	5.0	16
2022101607	2025-01-11	16	0.0	6.1	0	0	1800	0	44.1	0.0	16
2022101607	2025-03-23	3	140.0	0.7	0	0	1200	0	38.4	1.0	16
2022101607	2025-04-06	7	0.0	1.5	0	0	1200	0	39.1	1.0	16
2022101607	2025-06-14	1	560.0	0.0	0	0	1000	0	36.4	1.0	12
2022101607	2025-06-28	12	0.0	1.3	0	0	1000	2	36.8	2.0	12
2022101607	2025-08-24	2	320.0	0.1	0	0	1000	0	35.8	2.0	11
2022101607	2025-11-08	6	0.0	0.6	0	0	1150	0	37.9	2.0	16
2022101607	2025-12-07	9	0.0	1.6	0	0	1200	0	39.4	2.0	11
2022101725	2024-10-13	3	180.0	0.3	0	1	1800	0	35.3	0.0	11
2022101725	2024-11-24	7	0.0	0.9	1	1	1600	0	36.0	1.0	18
2022101725	2025-02-10	12	0.0	1.7	0	1	1600	0	35.1	1.0	18
2022101725	2025-03-01	13	0.0	1.6	0	1	1600	0	34.6	1.0	18
2022101725	2025-04-27	6	0.0	0.6	0	1	1600	0	35.0	1.0	18
2022101725	2025-05-17	8	0.0	1.5	3	1	1600	3	36.1	1.0	17
2022101725	2025-05-31	7	0.0	1.2	1	1	1800	0	35.6	1.0	18
2022101725	2025-06-29	5	56.0	1.0	0	1	1200	0	34.9	1.0	17
2022101725	2025-07-13	12	0.0	1.1	1	1	1200	0	35.2	1.0	18
2022101725	2025-09-06	14	0.0	1.2	0	1	1600	0	34.7	1.0	18
2022101725	2025-10-06	1	43.0	0.0	1	0	1500	1	38.8	10.0	8
2022101725	2025-10-25	1	45.0	0.0	1	0	1400	0	37.4	11.0	8
2022101725	2025-12-07	16	0.0	0.8	0	1	1400	0	34.8	2.0	18
2022101864	2025-01-19	9	0.0	1.5	1	1	1600	0	35.9	0.0	16
2022101864	2025-03-15	6	0.0	1.1	0	0	1200	2	38.4	1.0	16
2022101864	2025-05-03	4	84.0	0.8	0	0	1400	3	36.1	1.0	16
2022101864	2025-06-15	7	0.0	0.4	2	0	1400	1	37.3	1.0	16
2022101864	2025-08-02	3	140.0	0.2	0	0	1200	0	37.4	1.0	15
2022101864	2025-08-24	1	560.0	0.0	0	0	1200	0	36.6	1.0	15
2022101864	2025-12-13	6	0.0	0.5	1	0	1200	0	37.3	2.0	16
2022102196	2025-04-06	8	0.0	1.4	0	1	2400	0	35.2	1.0	14
2022102196	2025-04-19	5	56.0	1.1	0	1	2200	0	36.5	1.0	16
2022102196	2025-05-03	1	560.0	0.0	0	0	1900	1	37.3	1.0	16
2022102196	2025-08-10	10	0.0	2.4	1	0	1900	0	39.2	2.0	13
2022102196	2025-09-14	13	0.0	6.8	1	0	2000	0	43.7	2.0	13
2022102196	2025-12-06	1	800.0	0.0	0	0	1800	0	37.7	2.0	14
2022102406	2025-01-18	5	62.0	1.3	0	0	1400	0	39.7	0.0	16
2022102406	2025-02-01	3	140.0	1.1	0	0	1200	0	37.5	1.0	13
2022102406	2025-03-30	10	0.0	1.9	0	0	1200	2	38.8	1.0	15
2022102406	2025-06-22	2	220.0	0.3	1	1	1200	1	35.1	1.0	15
2022102406	2025-07-06	9	0.0	1.1	1	1	1200	2	36.8	1.0	15
2022102406	2025-07-20	1	560.0	0.0	0	1	1200	0	34.3	1.0	16
2022102406	2025-08-17	6	0.0	0.7	3	1	1500	2	35.7	2.0	14
2022102406	2025-12-13	10	0.0	0.7	0	1	1200	0	32.7	2.0	18
2022102465	2024-11-03	14	0.0	5.1	0	1	1200	2	37.7	0.0	14
2022102465	2024-12-14	2	220.0	0.1	1	1	1200	0	34.9	1.0	15
2022102465	2025-01-12	5	56.0	0.4	1	0	1200	0	38.1	1.0	16
2022102465	2025-03-15	11	0.0	2.7	1	0	1200	0	39.5	1.0	16
2022102465	2025-04-27	4	84.0	0.7	0	1	1200	0	35.5	1.0	16
2022102465	2025-05-18	1	560.0	0.0	0	1	1200	2	35.2	1.0	16
2022102465	2025-09-07	4	120.0	0.7	0	1	1200	0	35.4	2.0	13
2022102465	2025-10-04	11	0.0	0.7	1	1	1200	1	35.5	2.0	18
2022102465	2025-11-16	12	0.0	1.1	0	1	1200	0	36.5	2.0	16
2022102465	2026-01-31	13	0.0	1.2	0	1	1200	0	35.3	2.0	18
2022102905	2025-02-01	6	0.0	1.1	1	0	1400	0	37.5	0.0	16
2022102905	2025-04-12	2	220.0	0.2	0	0	1400	0	37.4	1.0	16
2022102905	2025-05-03	3	140.0	0.5	0	0	1400	1	36.4	1.0	16
2022102905	2025-05-25	3	140.0	0.2	1	0	1400	3	36.6	1.0	16
2022102905	2025-07-26	1	560.0	0.0	1	0	1700	0	38.5	1.0	14
2022102905	2025-08-17	1	800.0	0.0	2	0	1700	2	37.4	2.0	13
2022103255	2024-12-15	4	110.0	0.9	0	0	1800	0	38.9	0.0	16
2022103255	2025-01-11	11	0.0	2.7	0	0	1800	0	41.2	1.0	16
2022103255	2025-03-15	4	84.0	0.5	1	0	1800	0	38.9	1.0	15
2022103255	2025-03-29	1	560.0	0.0	1	0	1800	2	38.5	1.0	13
2022103255	2025-04-12	11	0.0	1.9	0	0	1800	0	39.0	2.0	11
2022103255	2025-07-26	1	800.0	0.0	0	0	1800	0	38.4	2.0	11
2022103255	2025-08-10	12	0.0	3.7	1	0	1800	0	41.2	5.0	12
2022103255	2025-08-24	15	0.0	2.9	0	0	1800	0	41.7	5.0	16
2022103316	2024-07-13	1	720.0	0.0	0	1	1200	0	34.6	0.0	8
2022103316	2024-08-25	8	0.0	1.3	1	1	1600	0	34.7		11
2022103316	2024-09-07	2	435.2	0.2	0	1	1600	0	34.4	2.0	8
2022103316	2024-11-02	9	0.0	1.0	2	1	1400	2	34.9		14
2022103316	2024-11-17	6	0.0	1.2	0	1	1600	0	34.6	2.0	7
2022103316	2025-01-12	5	380.0	1.1	1	1	1600	0	35.3		16
2022103316	2025-03-15	10	0.0	0.4	1	1	1600	0	35.2		12
2022103316	2025-04-19	5	80.0	0.6	0	1	1800	0	33.7	2.0	8
2022103316	2025-06-15	12	0.0	1.6	1	1	1800	0	36.7	5.0	13
2022103316	2025-06-29	3	200.0	0.3	0	1	1200	0	34.4	2.0	11
2022103316	2025-07-19	10	0.0	1.1	0	1	1200	0	34.2	2.0	16
2022103316	2025-08-23	8	0.0	1.1	0	1	1500	2	36.3	2.0	14
2022103316	2025-11-22	11	0.0	0.7	0	1	1800	0	34.6	5.0	16
2022103316	2025-12-14	11	0.0	0.7	0	1	1600	2	34.4	2.0	16
2022103537	2024-11-10	7	0.0	1.9	0	0	1700	0	38.2	0.0	15
2022103537	2024-12-21	15	0.0	3.3	0	0	1800	0	40.8	1.0	16
2022103537	2025-03-16	12	0.0	4.3	3	1	1600	1	40.2	1.0	16
2022103537	2025-05-04	7	0.0	1.3	0	1	2000	2	36.7	1.0	16
2022103537	2025-05-25	17	0.0	3.6	1	1	1800	2	36.2	1.0	17
2022103537	2025-07-08	2	42.0	0.2	0	1	1700	0	35.1		11
2022103537	2025-08-10	11	0.0	1.4	0	1	2000	0	36.1	1.0	16
2022103537	2025-08-30	2	220.0	0.0	0	1	1800	0	33.4	1.0	18
2022103537	2025-09-14	9	0.0	1.4	1	1	2000	0	35.2	1.0	18
2022103537	2025-10-18	4	120.0	0.6	1	1	1800	0	33.0	2.0	18
2022103537	2025-10-25	3	200.0	0.2	0	1	1800	0	33.2	2.0	15
2022103537	2025-11-29	12	0.0	2.0	1	1	2400	0	35.6	2.0	16
2022103778	2024-10-06	10	0.0	2.7	1	0	1600	1	38.1	0.0	16
2022103778	2024-10-20	8	0.0	6.1	0	0	1800	2	44.0	1.0	9
2022103778	2025-02-15	3	140.0	0.7	0	0	1700	0	39.0	1.0	14
2022103778	2025-02-23	5	56.0	0.7	0	0	1700	0	38.6	1.0	10
2022103778	2025-03-15	4	84.0	0.0	0	0	1800	2	39.8	1.0	16
2022103778	2025-03-30	2	220.0	0.1	1	0	1800	2	38.9	1.0	14
2022103778	2025-04-20	2	220.0	0.2	1	0	1800	0	40.6	1.0	12
2022103778	2025-06-15	1	560.0	0.0	0	0	1700	0	38.6	1.0	14
2022103778	2025-06-29	2	320.0	0.2	0	0	1700	0	39.4	2.0	11
2022103778	2025-07-19	1	800.0	0.0	0	0	1700	0	37.4	2.0	10
2022103778	2025-08-10	3	394.7	1.3	1	0	1700	0	38.4	5.0	14
2022103778	2025-11-15	5	155.0	0.9	0	0	1700	0	37.9	5.0	15
2022103778	2025-12-06	7	0.0	0.5	0	0	1800	0	39.0	5.0	12
2022103778	2026-01-25	4	240.0	0.2	0	0	1700	0	36.6	5.0	16
2022103857	2025-01-11	9	0.0	2.2	0	0	1200	2	37.1	0.0	16
2022103857	2025-03-15	2	220.0	0.0	0	0	1200	2	37.4	1.0	16
2022103857	2025-04-06	1	560.0	0.0	1	0	1200	2	37.0	1.0	16
2022103857	2025-05-25	5	80.0	1.1	1	0	1400	3	36.1	2.0	9
2022103857	2025-08-03	10	0.0	1.5	0	0	1200	0	37.4	2.0	15
2022103857	2025-09-27	6	0.0	1.2	0	0	1200	0	37.0	2.0	16
2022103857	2025-12-28	5	80.0	0.9	0	0	1200	0	37.7	2.0	16
2022103857	2026-01-17	3	210.0	0.1	0	0	1200	0	37.1	2.0	16
2022103991	2024-12-01	2	290.0	0.4	0	1	1400	0	34.8	0.0	9
2022103991	2025-01-26	3	140.0	0.2	0	1	1200	0	34.7	1.0	17
2022103991	2025-02-08	1	560.0	0.0	4	1	1200	2	35.5	1.0	18
2022103991	2025-08-24	4	170.0	0.5	0	1	1400	0	33.6	5.0	14
2022103991	2025-09-07	3	200.0	0.2	0	1	1200	0	34.4	2.0	13
2022103991	2025-11-09	2	320.0	0.3	2	1	1200	0	35.3	2.0	16
2022103991	2025-11-24	3	200.0	0.2	1	1	1200	0	34.6	2.0	16
2022103991	2026-01-10	6	0.0	0.6	0	0	1200	0	36.8	2.0	15
2022104117	2024-09-14	6	0.0	0.4	0	1	1400	0	33.9	0.0	11
2022104117	2024-11-30	13	0.0	2.8	0	0	1400	2	38.6	1.0	13
2022104117	2024-12-15	14	0.0	4.0	0	0	1800	0	41.4	1.0	14
2022104117	2025-03-15	6	0.0	0.8	1	1	1400	0	35.4	1.0	18
2022104117	2025-05-10	7	0.0	1.2	1	1	1400	2	35.6	1.0	18
2022104117	2025-06-01	10	0.0	1.2	1	1	1600	0	36.8	1.0	18
2022104117	2025-07-19	1	560.0	0.0	0	1	1800	2	35.9	1.0	16
2022104117	2025-08-10	11	0.0	1.7	3	1	2000	1	34.5	2.0	14
2022104117	2025-10-25	7	0.0	0.8	0	1	1800	0	34.3	2.0	15
2022104117	2025-11-08	13	0.0	1.4	0	1	1800	0	36.5	2.0	16
2022104164	2024-09-22	7	0.0	1.7	2	1	2000	0	35.2	0.0	11
2022104164	2025-02-01	9	0.0	1.0	1	1	2000	0	35.5	1.0	15
2022104164	2025-02-22	10	0.0	2.2	0	1	2400	0	35.7	1.0	15
2022104164	2025-03-15	5	56.0	0.9	1	1	2000	0	35.8	1.0	18
2022104164	2025-04-27	5	56.0	0.9	0	1	2000	0	35.1	1.0	14
2022104164	2025-05-18	4	84.0	1.7	0	1	2000	2	35.7	1.0	12
2022104164	2025-06-07	7	0.0	1.1	1	1	2000	0	35.4	1.0	13
2022104164	2025-07-06	12	0.0	0.8	0	1	2000	0	36.9	1.0	18
2022104164	2025-07-27	4	84.0	0.8	1	1	2000	1	35.5	1.0	9
2022104164	2025-08-10	14	0.0	2.0	0	1	2000	0	35.9	1.0	16
2022104164	2025-08-30	5	56.0	0.7	2	1	2000	2	37.5	1.0	16
2022104164	2025-09-06	8	0.0	1.0	0	1	2000	0	36.7	1.0	16
2022104164	2025-09-27	14	0.0	1.0	0	1	2200	0	35.1	2.0	16
2022104164	2025-10-18	4	120.0	0.3	1	1	2000	0	35.1	2.0	8
2022104164	2025-11-08	12	0.0	1.2	0	1	2000	0	34.3	2.0	14
2022104164	2026-01-18	10	0.0	1.6	0	1	2400	0	36.4	2.0	12
2022104370	2024-08-03	9	0.0	3.5	0	0	1800	0	43.3	0.0	15
2022104370	2025-01-11	14	0.0	2.6	0	0	1200	2	41.2	1.0	16
2022104370	2025-08-02	1	560.0	0.0	0	0	1000	0	35.7	1.0	12
2022104370	2026-01-25	5	82.0	0.9	0	0	1000	0	36.5	2.0	14
2022104501	2024-08-17	3	180.0	0.2	0	1	1400	0	35.5	0.0	18
2022104501	2024-09-15	3	140.0	0.6	1	1	1200	2	35.9	1.0	8
2022104501	2024-10-12	14	0.0	2.7	0	0	1200	0	38.0	1.0	15
2022104501	2024-11-30	10	0.0	1.5	1	1	1200	0	35.1	1.0	17
2022104501	2025-04-13	6	0.0	1.1	1	1	1200	0	35.5	1.0	16
2022104501	2025-04-26	7	0.0	0.5	0	1	1200	0	34.0	1.0	18
2022104501	2025-06-15	13	0.0	1.9	1	1	1400	1	38.0	1.0	18
2022104501	2025-07-20	5	56.0	0.4	0	1	1200	0	36.0	1.0	18
2022104501	2025-08-02	1	560.0	0.0	0	1	1200	0	33.6	1.0	16
2022104501	2025-10-04	18	0.0	1.4	1	1	1200	1	34.6	2.0	18
2022104501	2025-12-20	8	0.0	0.4	2	1	1400	2	35.4	2.0	18
2022104624	2024-11-10	4	110.0	1.5	0	1	2000	0	35.8	0.0	10
2022104624	2025-02-01	6	0.0	0.9	1	1	2000	0	35.1	1.0	15
2022104624	2025-04-20	3	140.0	0.1	1	0	1700	0	40.1	1.0	15
2022104624	2025-05-11	3	140.0	0.3	0	1	2000	0	36.6	1.0	18
2022104624	2025-07-05	3	140.0	0.3	1	1	2000	1	36.9	1.0	13
2022104624	2025-08-02	3	140.0	0.4	0	1	2000	0	36.0	1.0	16
2022104624	2025-08-31	2	220.0	0.1	1	1	2000	2	36.8	1.0	16
2022104624	2025-09-06	4	84.0	0.2	0	1	2000	0	36.6	1.0	16
2022104624	2025-12-14	2	320.0	0.1	0	0	1800	0	38.0	2.0	12
2022104832	2024-08-31	1	720.0	0.0	1	1	2000	0	35.2	0.0	7
2022104832	2024-11-30	1	1095.9	0.0	0	1	2000	0	34.7	2.0	12
2022104832	2025-03-09	2	2228.0	0.0	0	1	2000	2	36.9		14
2022104832	2025-04-20	9	0.0	0.9	1	1	2000	0	34.7		18
2022104832	2025-08-10	7	0.0	1.0	3	0	1800	3	37.0		15
2022104832	2025-12-13	9	0.0	0.7	0	1	2000	0	34.5		18
2022104901	2024-07-28	2	290.0	0.1	1	1	1800	0	33.8	0.0	9
2022104901	2024-09-07	1	550.0	0.0	0	1	2000	0	34.4	1.0	5
2022104901	2024-09-28	6	0.0	0.7	1	1	2000	0	36.0	5.0	9
2022104901	2025-01-12	12	0.0	2.4	1	1	1600	0	37.1		16
2022104901	2025-04-05	9	0.0	7.1	0	1	2400	0	42.9	2.0	9
2022104901	2025-07-19	6	0.0	1.8	0	1	2000	0	38.3	2.0	10
2022104901	2025-10-18	7	0.0	1.8	1	1	2000	0	37.7	2.0	8
2022104901	2025-12-14	17	0.0	1.9	1	1	2000	2	36.8	2.0	18
2022104959	2024-10-19	1	720.0	0.0	0	1	2000	0	33.8	0.0	13
2022104959	2025-01-19	4	620.0	0.2	2	1	2000	0	36.5		14
2022104959	2025-03-29	8	0.0	1.1	1	1	1800	0	33.9		9
2022104959	2025-06-08	1	800.0	0.0	0	1	1600	0	34.0	2.0	18
2022104959	2025-10-12	12	0.0	0.8	1	1	1600	0	33.5	5.0	16
2022104959	2025-11-16	1	800.0	0.0	0	1	1800	0	33.5	3.0	13
2022104959	2026-01-25	3	474.1	0.2	0	1	1800	0	33.8	4.0	12
2022105217	2024-12-07	5	72.0	0.5	0	0	1800	0	40.5	0.0	12
2022105217	2025-01-13	3	140.0	1.5	0	0	1800	0	41.5	1.0	16
2022105217	2025-03-02	5	56.0	1.2	0	0	1800	0	39.9	1.0	16
2022105217	2025-07-19	1	560.0	0.0	0	0	1700	0	39.1	1.0	15
2022105217	2025-10-19	15	0.0	7.2	1	0	1800	1	43.7	2.0	15
2022105217	2026-02-01	14	0.0	1.8	1	0	1700	0	39.6	2.0	15
2022105250	2025-01-26	11	0.0	2.6	0	1	1600	0	36.4	0.0	15
2022105250	2025-03-02	14	0.0	1.0	2	1	1800	0	34.6	1.0	18
2022105250	2025-03-29	2	220.0	0.5	0	0	1400	2	38.6	1.0	16
2022105250	2025-04-26	7	0.0	1.1	0	0	1400	0	37.9	1.0	16
2022105250	2025-07-19	2	220.0	0.1	0	1	1800	2	36.2	1.0	16
2022105250	2025-08-10	3	140.0	0.1	1	1	2000	0	34.0	1.0	14
2022105250	2025-08-31	5	56.0	0.7	0	1	2000	0	34.8	1.0	18
2022105250	2025-09-13	2	220.0	0.1	1	1	1800	0	34.5	1.0	18
2022105250	2025-10-11	5	80.0	0.5	1	1	1800	0	34.7	2.0	11
2022105250	2025-10-26	2	320.0	0.1	3	1	1800	2	34.6	2.0	16
2022105250	2025-12-06	3	200.0	0.4	0	1	2000	0	34.3	2.0	18
2022105279	2024-08-10	5	72.0	0.9	0	1	1500	0	35.4	0.0	7
2022105279	2024-08-25	3	140.0	0.3	0	1	1500	0	34.3	1.0	7
2022105279	2024-10-26	2	220.0	0.3	0	1	1600	0	33.9	1.0	15
2022105279	2024-11-17	11	0.0	1.6	0	1	1800	0	35.7	1.0	17
2022105279	2025-02-09	1	560.0	0.0	0	1	1600	0	34.1	1.0	16
2022105279	2025-03-02	5	80.0	0.2	0	1	1600	0	34.4	2.0	8
2022105279	2025-04-27	3	200.0	0.4	0	1	1600	0	34.2	2.0	9
2022105279	2025-06-08	3	200.0	0.3	0	1	1600	0	34.9	2.0	18
2022105279	2025-07-27	8	0.0	0.6	0	1	1400	0	34.7	2.0	16
2022105279	2025-10-13	9	0.0	0.4	1	1	1600	0	34.3	2.0	18
2022105279	2025-12-20	10	0.0	0.5	2	1	1400	2	34.8	2.0	18
2022105346	2024-11-24	6	0.0	1.7	1	1	2000	0	35.8	0.0	12
2022105346	2025-01-12	1	560.0	0.0	1	1	2000	0	36.8	1.0	18
2022105346	2025-02-09	6	0.0	0.6	0	1	2400	0	34.4	2.0	11
2022105346	2025-03-22	1	3856.7	0.0	0	1	1800	0	35.4		16
2022105346	2025-05-25	16	0.0	1.6	1	1	2400	0	36.0		18
2022105346	2025-08-03	10	0.0	1.2	0	1	1800	0	35.9		14
2022105346	2025-10-19	17	0.0	3.8	1	1	2000	0	37.6		18
2022105392	2025-06-08	11	0.0	1.4	1	1	1800	0	34.6	1.0	18
2022105392	2025-07-27	11	0.0	2.7	1	0	1700	3	40.6	1.0	14
2022105392	2025-08-30	1	560.0	0.0	2	1	2000	2	37.1	1.0	16
2022105458	2024-11-09	1	720.0	0.0	0	1	2000	0	35.9	0.0	16
2022105458	2025-02-10	8	0.0	1.8	0	1	1600	0	36.2		9
2022105458	2025-04-19	4	170.0	0.8	0	1	2000	0	35.4	2.0	10
2022105458	2025-06-22	5	111.0	0.5	1	1	2000	1	35.6	5.0	10
2022105458	2025-07-13	12	0.0	1.3	0	1	1800	0	34.6	2.0	14
2022105458	2025-08-02	11	0.0	2.2	0	0	1700	0	39.8	2.0	11
2022105458	2025-11-24	13	0.0	1.0	1	1	2000	0	35.3	2.0	16
2022105559	2024-10-26	1	720.0	0.0	1	1	1600	0	34.2	0.0	12
2022105559	2025-01-18	15	0.0	1.5	0	1	1600	0	34.8	2.0	16
2022105559	2025-03-08	4	120.0	0.1	1	1	1600	0	34.9	2.0	10
2022105559	2025-05-03	9	0.0	1.1	0	1	1400	0	34.1	2.0	9
2022105559	2025-06-28	13	0.0	2.2	0	1	1800	2	36.8	2.0	16
2022105559	2025-08-17	14	0.0	2.2	3	1	1500	2	37.1	2.0	14
2022105559	2025-10-18	15	0.0	1.8	0	1	1400	0	34.0	2.0	17
2022105559	2026-01-25	15	0.0	1.3	0	1	1200	0	33.9	5.0	16
2022105794	2024-07-13	6	0.0	3.1	1	1	1800	0	37.4	0.0	7
2022105794	2024-11-24	12	0.0	4.9	1	0	1800	0	42.1	1.0	13
2022105794	2024-12-15	8	0.0	2.4	0	0	1800	0	38.9	1.0	13
2022105794	2025-04-19	2	220.0	0.0	0	0	1800	0	38.0	1.0	16
2022105794	2025-05-18	3	140.0	0.3	0	0	1800	1	37.4	1.0	12
2022105794	2025-06-08	2	220.0	0.0	0	0	1800	0	37.3	1.0	14
2022105794	2025-07-26	6	0.0	0.7	0	0	1800	0	36.6	1.0	16
2022105794	2025-08-17	3	140.0	0.1	0	0	1800	0	37.8	1.0	16
2022105794	2025-09-06	3	140.0	0.6	0	0	1800	1	38.3	1.0	16
2022105794	2025-09-14	3	140.0	1.8	1	0	1800	0	39.0	1.0	15
2022105794	2025-11-15	13	0.0	3.1	0	0	2400	0	41.5	2.0	16
2022105794	2025-12-06	6	0.0	0.4	0	0	1800	0	37.7	2.0	15
2022105794	2025-12-14	5	80.0	0.6	0	0	1800	0	37.8	2.0	12
2022105844	2024-09-08	8	0.0	2.0	0	0	1800	0	39.7	0.0	16
2022105844	2024-09-22	1	550.0	0.0	1	0	1800	0	38.9	1.0	12
2022105844	2024-10-14	7	0.0	2.4	0	0	1600	0	37.7	2.0	8
2022105844	2024-12-08	10	0.0	2.5	0	0	1800	0	41.0	2.0	13
2022105844	2025-03-15	12	0.0	2.6	1	0	1800	0	39.6	2.0	13
2022105844	2025-04-06	8	0.0	1.5	2	0	1800	2	39.7	2.0	14
2022105844	2025-06-14	6	0.0	1.2	1	0	1700	0	37.6	2.0	14
2022105844	2025-06-29	8	0.0	2.1	0	0	1700	0	41.0	2.0	11
2022105844	2025-07-12	3	200.0	0.3	0	0	1700	0	37.8	2.0	10
2022105844	2025-08-10	3	200.0	0.6	1	0	1700	2	37.4	2.0	9
2022105844	2025-08-31	1	800.0	0.0	1	0	1700	2	36.1	2.0	13
2022105844	2025-10-26	8	0.0	0.9	1	0	1600	3	35.2	5.0	13
2022105844	2025-11-15	10	0.0	1.1	0	0	1600	0	36.9	5.0	16
2022105844	2026-01-18	9	0.0	1.9	0	0	1800	0	39.6	3.0	16
2022106116	2024-12-21	13	0.0	3.0	0	1	1800	0	35.8	0.0	16
2022106116	2025-05-04	6	0.0	1.0	1	1	1800	2	35.9	1.0	16
2022106116	2025-06-22	9	0.0	2.1	0	1	1800	0	35.7	1.0	16
2022106116	2025-07-22	2	42.0	0.7	0	1	1700	0	37.2		12
2022106116	2025-08-23	7	0.0	1.4	0	1	1800	0	35.4	1.0	16
2022106116	2025-09-13	5	80.0	0.5	1	1	2000	2	34.4	2.0	16
2022106116	2025-11-09	9	0.0	0.9	2	1	1800	0	36.8	5.0	16
2022106116	2025-11-22	13	0.0	2.5	0	1	2000	0	36.3	3.0	15
2022106180	2024-08-11	7	0.0	0.9	0	1	2000	0	34.3	0.0	9
2022106180	2024-09-16	9	0.0	1.9	0	1	2000	0	37.6	1.0	12
2022106180	2024-10-12	8	0.0	0.7	0	1	1600	0	35.8	1.0	16
2022106180	2024-11-10	13	0.0	1.4	0	1	1600	0	35.7	1.0	14
2022106180	2024-12-28	13	0.0	4.4	0	0	1800	0	40.4	1.0	16
2022106180	2025-01-26	9	0.0	0.7	0	1	2000	0	36.0	1.0	17
2022106180	2025-02-22	4	84.0	1.0	0	1	2400	0	35.0	1.0	15
2022106180	2025-03-22	7	0.0	0.5	0	1	2400	0	34.0	1.0	15
2022106180	2025-04-19	2	220.0	0.1	0	1	2600	0	35.8	1.0	16
2022106180	2025-05-03	1	560.0	0.0	0	1	2400	0	36.1	1.0	16
2022106180	2025-05-17	5	111.0	0.7	1	1	2000	3	35.6	2.0	10
2022106180	2025-06-21	3	200.0	0.0	0	1	2400	0	34.5	2.0	10
2022106180	2025-07-12	3	283.5	0.6	0	1	2600	0	36.7	5.0	11
2022106180	2025-08-03	5	111.0	0.9	0	1	2600	0	35.1	5.0	7
2022106180	2025-08-31	9	0.0	1.7	1	1	2600	2	37.9	5.0	14
2022106180	2025-09-27	7	0.0	0.3	0	1	2200	0	35.0	2.0	16
2022106180	2025-10-12	9	0.0	0.5	2	1	2400	0	34.1	2.0	13
2022106180	2025-10-25	4	120.0	0.3	0	1	1800	0	33.5	2.0	15
2022106180	2025-12-14	12	0.0	0.7	0	1	1600	2	34.4	2.0	16
2022106438	2024-10-20	3	180.0	0.3	0	1	1200	0	35.8	0.0	17
2022106438	2024-11-09	1	550.0	0.0	0	1	1200	0	35.6	1.0	16
2022106438	2025-05-25	11	0.0	1.1	1	1	1200	1	36.1	2.0	13
2022106438	2025-07-12	16	0.0	1.3	0	1	1200	0	36.6	2.0	17
2022106438	2025-09-07	10	0.0	1.1	0	1	1200	0	35.2	2.0	13
2022106438	2025-10-04	16	0.0	2.4	1	0	1400	3	37.8	2.0	16
2022106438	2025-11-22	15	0.0	2.0	0	0	1150	0	39.4	2.0	16
2022106438	2025-12-13	12	0.0	2.6	0	0	1400	0	39.8	2.0	16
2022106605	2024-12-08	6	0.0	2.0	0	0	1400	0	39.3	0.0	16
2022106605	2025-01-11	6	0.0	0.5	0	0	1200	0	38.8	1.0	16
2022106605	2025-04-06	4	84.0	0.8	0	0	1200	0	38.4	1.0	16
2022106605	2025-04-27	4	84.0	0.6	0	0	1200	0	36.6	1.0	15
2022106605	2025-05-18	7	0.0	1.4	1	0	1200	2	38.7	1.0	15
2022106605	2025-07-13	4	84.0	0.7	1	1	1200	0	35.2	1.0	18
2022106605	2025-08-02	3	140.0	0.2	0	1	1200	0	34.3	1.0	16
2022106605	2025-08-23	1	560.0	0.0	1	1	1200	0	33.6	1.0	18
2022106605	2025-11-15	10	0.0	0.6	0	1	1200	0	35.7	2.0	16
2022106605	2026-01-25	3	295.3	0.2	0	1	1200	0	33.5	5.0	16
2022106645	2025-03-01	12	0.0	0.9	0	1	2000	0	35.0	1.0	18
2022106645	2025-05-18	3	140.0	0.5	0	0	1600	1	36.4	1.0	16
2022106645	2025-06-08	7	0.0	1.0	1	0	1600	0	38.5	1.0	16
2022106645	2025-08-02	5	56.0	0.6	0	1	2000	0	35.5	1.0	16
2022106645	2025-08-23	1	560.0	0.0	0	1	2000	2	35.8	1.0	16
2022106645	2025-09-27	3	200.0	0.3	0	1	2200	0	34.4	2.0	16
2022106645	2025-10-18	4	170.0	0.2	1	1	2200	0	35.7	5.0	15
2022106645	2026-01-25	6	0.0	0.5	0	1	1800	0	36.6	2.0	16
2022106811	2024-12-01	5	72.0	1.0	0	1	2000	0	34.4	0.0	18
2022106811	2024-12-28	2	220.0	0.1	0	1	1800	0	35.3	1.0	16
2022106811	2025-01-18	6	0.0	1.2	0	1	2000	0	35.9	1.0	18
2022106811	2025-04-12	4	84.0	1.1	0	1	2200	0	36.4	1.0	12
2022106811	2025-05-03	3	140.0	0.3	0	1	2000	2	34.3	1.0	12
2022106811	2025-05-24	11	0.0	1.7	1	1	2000	0	35.2	1.0	17
2022106811	2025-08-03	2	220.0	0.0	0	1	2000	0	35.4	1.0	14
2022106811	2025-08-24	3	140.0	0.4	0	1	2000	0	34.6	1.0	17
2022106811	2025-09-14	4	84.0	0.7	1	1	2000	0	34.8	1.0	18
2022106811	2025-11-15	4	120.0	0.3	0	1	2600	0	36.9	2.0	16
2022106811	2025-11-29	7	0.0	0.9	1	1	2400	0	34.9	2.0	16
2022106811	2026-01-25	2	330.0	0.0	0	1	2000	0	33.9	2.0	14
2022106912	2024-09-15	1	720.0	0.0	0	1	1200	0	34.1	0.0	16
2022106912	2024-11-10	2	650.0	0.1	0	1	1200	0	35.7	5.0	16
2022106912	2024-12-07	3	274.0	0.1	0	1	1200	0	34.5	2.0	13
2022106912	2025-02-09	7	0.0	0.7	0	1	1200	2	35.9	2.0	16
2022106912	2025-03-29	3	200.0	0.3	0	1	1400	0	35.2	2.0	12
2022106912	2025-05-03	2	320.0	0.1	0	1	1400	2	33.9	2.0	9
2022106912	2025-05-24	12	0.0	2.5	3	1	1600	2	38.6	2.0	13
2022106912	2025-08-03	7	0.0	0.4	0	1	1400	0	34.3	2.0	18
2022106912	2025-09-13	2	320.0	0.2	1	1	1400	0	34.3	2.0	18
2022106912	2025-10-18	10	0.0	0.5	1	1	1400	0	33.0	2.0	15
2022106912	2025-11-09	5	80.0	0.2	2	1	1400	1	34.5	2.0	17
2022107149	2024-08-31	8	0.0	1.0	3	1	1500	1	37.2	0.0	12
2022107149	2024-09-16	7	0.0	1.4	0	1	2000	0	36.9	1.0	12
2022107149	2024-12-21	11	0.0	2.2	1	1	2000	0	36.4	1.0	16
2022107149	2025-02-02	3	140.0	0.6	0	1	1800	1	36.8	1.0	13
2022107149	2025-02-09	1	560.0	0.0	1	1	1800	2	36.6	1.0	16
2022107149	2025-04-19	5	80.0	2.9	0	1	2000	0	37.6	2.0	7
2022107149	2025-05-10	8	0.0	1.5	1	1	1800	2	34.6	2.0	9
2022107149	2025-07-13	8	0.0	1.2	1	1	1800	0	38.7	2.0	16
2022107149	2025-07-27	7	0.0	1.9	0	1	2000	0	36.6	5.0	7
2022107149	2025-09-20	5	80.0	0.4	1	1	2000	0	35.2	2.0	18
2022107149	2025-10-05	11	0.0	1.9	2	1	2000	2	36.9	2.0	12
2022107149	2025-10-18	15	0.0	1.7	1	1	1800	0	35.6	2.0	18
2022107149	2026-01-31	11	0.0	0.8	0	1	1600	0	35.6	2.0	17
2022110062	2025-02-10	7	0.0	2.2	0	0	1400	0	39.7	1.0	12
2022110062	2025-02-22	12	0.0	2.7	0	0	1200	0	39.3	1.0	15
2022110062	2025-07-01	1	40.0	0.0	0	0	1000	0	36.6		9
2022110062	2025-07-17	1	40.0	0.0	0	0	1200	2	38.0	9.0	9
2022110110	2024-12-07	4	110.0	0.6	1	0	1400	0	37.8	0.0	16
2022110110	2025-01-06	2	220.0	0.1	3	0	1200	0	37.3	1.0	16
2022110110	2025-01-25	1	560.0	0.0	0	0	1200	0	37.2	1.0	15
2022110110	2025-03-02	10	0.0	1.5	2	0	1200	0	38.2	2.0	16
2022110110	2025-04-20	13	0.0	1.9	1	0	1200	0	39.4	2.0	16
2022110110	2025-06-14	4	120.0	1.1	0	0	1000	0	35.2	2.0	12
2022110110	2025-07-06	3	200.0	0.6	1	0	1000	2	35.4	2.0	12
2022110110	2025-07-27	2	320.0	0.0	0	0	1000	3	34.6	2.0	9
2022110110	2025-08-09	4	120.0	0.5	0	0	1000	1	35.9	2.0	12
2022110110	2025-08-30	6	0.0	1.0	1	0	1000	1	35.2	2.0	12
2022110110	2025-11-24	13	0.0	1.8	1	0	1150	0	37.6	2.0	16
2022110126	2024-12-21	2	290.0	0.1	0	0	1800	0	39.5	0.0	14
2022110126	2025-01-13	3	140.0	0.6	0	0	1800	0	41.5	1.0	16
2022110126	2025-01-26	12	0.0	3.7	0	0	1800	0	42.2	1.0	15
2022110126	2025-03-30	1	560.0	0.0	1	0	1200	2	37.6	1.0	16
2022110126	2025-07-06	5	80.0	2.1	0	0	1150	0	37.6	2.0	15
2022110126	2025-07-26	10	0.0	1.4	0	0	1200	0	37.8	2.0	14
2022110126	2025-11-16	5	80.0	0.5	0	0	1600	0	38.1	2.0	16
2022110126	2025-12-07	13	0.0	1.4	0	0	1400	0	39.4	2.0	16
2023100277	2025-08-09	17	0.0	4.3	0	1	1200	0	35.9	0.0	17
2023100277	2025-11-15	11	0.0	2.7	0	0	1600	0	39.7	1.0	14
2023100647	2025-08-31	3	190.0	1.1	0	0	1800	0	38.5	0.0	15
2023100647	2025-09-20	6	0.0	2.4	1	0	1800	1	42.6	1.0	13
2023100647	2025-11-16	2	220.0	0.1	0	0	1400	0	37.9	1.0	16
2023100647	2025-11-30	5	56.0	0.5	0	0	1400	0	38.3	1.0	16
2023100647	2025-12-14	7	0.0	1.1	1	0	1400	2	38.7	1.0	13
2023100719	2025-12-07	16	0.0	1.4	0	1	1600	0	35.0	0.0	17
2023101007	2025-07-19	14	0.0	1.7	0	1	1200	0	36.9	0.0	16
2023101007	2025-08-30	14	0.0	5.5	1	0	1800	0	42.0	1.0	15
2023101007	2025-12-06	13	0.0	3.4	0	0	1200	0	38.6	1.0	15
2023101007	2026-01-11	12	0.0	2.0	1	0	1200	0	39.2	1.0	16
2023101174	2025-08-10	1	750.0	0.0	1	1	1500	0	35.4	0.0	12
2023101174	2025-08-23	6	0.0	1.9	0	1	1500	0	38.4	5.0	9
2023101174	2025-11-22	7	0.0	1.1	0	1	1400	0	34.4	2.0	9
2023101174	2026-01-24	4	170.0	0.4	0	1	1200	0	34.1	2.0	12
2023101713	2025-09-21	8	0.0	1.1	0	1	1800	0	34.9	0.0	9
2023101713	2025-10-04	4	84.0	0.7	3	0	1800	1	38.1	1.0	14
2023101713	2025-11-08	5	56.0	1.5	0	0	1700	0	39.8	1.0	15
2023101713	2025-11-23	7	0.0	2.1	0	0	1400	0	38.6	1.0	14
2023101713	2025-12-06	7	0.0	0.8	0	0	1200	0	37.8	1.0	16
2023101721	2025-10-04	8	0.0	2.4	3	0	1400	1	37.5	0.0	16
2023101721	2025-10-18	2	220.0	0.2	1	0	1400	2	36.8	1.0	9
2023101721	2025-11-09	9	0.0	1.0	3	0	1400	2	37.7	1.0	16
2023101780	2026-01-11	15	0.0	3.6	0	0	1800	0	41.5	0.0	16
2023101830	2025-11-08	7	0.0	0.8	1	1	1400	0	34.9	0.0	13
2023101830	2025-12-06	12	0.0	3.3	0	0	1200	0	40.3	1.0	15
2023101841	2025-10-13	11	0.0	1.5	0	1	1800	0	35.9	0.0	13
2023101841	2025-11-08	7	0.0	1.8	0	0	1700	0	38.9	1.0	15
2023101841	2025-12-21	4	84.0	0.1	1	0	1800	3	37.9	1.0	16
2023101841	2026-01-12	6	0.0	1.2	0	0	1800	0	40.8	1.0	16
2023101930	2025-08-27	1	250.0	0.0	0	0	1000	0	37.9	0.0	10
2023101930	2025-10-02	12	0.0	6.1	0	0	1500	0	46.1		12
2023101930	2025-10-15	10	0.0	4.3	2	0	1500	1	45.9	5.0	10
2023101930	2025-10-30	10	0.0	3.0	0	0	1500	0	43.2	18.0	12
2023101930	2025-11-21	7	0.0	4.1	0	0	1500	0	41.4	5.0	10
2023101930	2025-12-23	5	10.0	1.5	0	0	1400	2	40.7	5.0	10
2023101930	2026-01-04	7	0.0	2.2	0	0	1700	0	40.4	5.0	11
2023101930	2026-01-15	5	60.0	2.8	0	0	1700	0	38.6	18.0	8
2023101930	2026-01-29	3	18.0	0.6	1	0	1500	0	39.1	5.0	12
2023101973	2025-09-20	4	110.0	0.5	1	1	1600	0	34.0	0.0	14
2023101973	2025-10-05	5	56.0	1.0	1	1	1600	2	36.1	1.0	7
2023101973	2025-10-18	7	0.0	0.7	1	0	1400	2	38.8	1.0	9
2023102027	2025-06-28	1	750.0	0.0	0	1	1200	2	35.5	0.0	16
2023102104	2025-11-22	4	110.0	1.6	0	0	1400	0	37.9	0.0	16
2023102104	2025-12-07	5	56.0	0.8	0	0	1400	0	38.7	1.0	16
2023102179	2025-11-30	5	75.0	1.0	0	1	1200	0	35.4	0.0	13
2023102343	2025-10-26	8	0.0	2.5	1	1	1800	2	35.8	0.0	10
2023102621	2025-09-21	14	0.0	4.9	0	0	1800	2	42.8	0.0	16
2023102621	2025-10-25	8	0.0	2.2	2	1	1800	0	36.7	1.0	9
2023102621	2025-11-29	13	0.0	1.3	0	1	1400	0	34.4	1.0	18
2023102621	2025-12-21	13	0.0	2.6	1	0	1200	3	38.6	1.0	16
2023102695	2025-12-21	5	75.0	0.3	3	1	1800	1	33.9	0.0	12
2023102695	2026-01-11	7	0.0	1.0	0	1	1800	0	34.5	1.0	18
2023102982	2025-10-26	4	110.0	0.9	3	1	1600	2	34.5	0.0	18
2023102982	2025-11-15	6	0.0	0.1	0	1	1200	0	34.8	1.0	16
2023102982	2026-01-25	3	150.0	0.2	0	1	1200	0	34.5	1.0	18
2023103355	2025-06-14	4	110.0	0.9	1	1	1400	0	35.9	0.0	10
2023103355	2025-07-20	1	560.0	0.0	0	1	1200	0	35.5	1.0	6
2023103355	2025-09-20	9	0.0	1.1	1	1	1200	0	34.9	5.0	13
2023103355	2025-11-16	3	404.9	0.1	0	1	1200	0	35.4	5.0	16
2023103355	2025-12-13	8	0.0	0.7	1	1	1200	0	34.2	2.0	13
2023103355	2026-01-24	5	114.0	0.4	0	1	1200	0	34.6	2.0	12
2023103549	2025-09-27	8	0.0	0.8	0	1	1600	0	34.3	0.0	16
2023103549	2025-11-30	7	0.0	1.3	0	1	1800	0	35.8	1.0	13
2023103575	2025-11-16	14	0.0	6.2	0	0	1700	0	42.5	0.0	15
2023103575	2025-12-06	9	0.0	1.6	0	0	1200	0	37.3	1.0	16
2023103575	2026-01-04	15	0.0	1.9	0	0	1200	0	37.4	1.0	16
2023103915	2025-10-18	7	0.0	1.0	0	1	1600	0	34.7	0.0	16
2023103915	2025-11-01	6	0.0	0.9	0	0	1600	3	37.0	1.0	16
2023103915	2026-01-04	11	0.0	3.9	0	0	1800	2	44.2	1.0	12
2023103936	2025-06-28	3	190.0	0.2	0	1	1200	2	35.2	0.0	16
2023103936	2025-08-31	7	0.0	1.0	1	1	1200	2	35.9	1.0	10
2023103936	2025-11-09	4	84.0	0.5	1	1	1200	0	34.9	1.0	16
2023103936	2025-11-24	14	0.0	1.3	0	1	1200	0	34.5	1.0	16
2023103936	2026-02-01	18	0.0	2.8	1	1	1200	0	36.6	1.0	18
2023103980	2025-08-02	1	750.0	0.0	0	1	1500	0	33.9	0.0	11
2023103980	2025-09-06	9	0.0	0.9	1	1	1800	0	36.2		12
2023103980	2025-11-01	6	0.0	0.2	0	1	1400	0	32.8		12
2023103980	2025-11-23	2	444.8	0.3	1	1	1600	0	32.9	2.0	8
2023103980	2026-01-17	7	0.0	0.5	0	1	1600	0	34.4	2.0	8
2023104066	2026-01-12	10	0.0	2.0	0	0	1800	0	37.9	0.0	16
2023104066	2026-01-25	5	59.0	0.5	0	0	1800	0	37.8	1.0	11
2023104402	2025-06-15	5	75.0	1.0	1	1	1800	1	34.2	0.0	8
2023104402	2025-11-16	3	140.0	0.6	0	1	1600	0	35.5	1.0	15
2023104402	2025-12-13	4	84.0	0.6	1	1	1600	0	34.2	1.0	13
2023104402	2026-01-04	6	0.0	0.5	0	0	1400	0	37.4	1.0	16
2023104499	2025-11-29	8	0.0	2.6	0	0	1800	0	39.8	0.0	12
2023104499	2025-12-14	14	0.0	4.1	1	0	1400	2	41.3	1.0	16
2023104528	2025-09-13	2	300.0	0.0	1	1	1200	0	35.4	0.0	11
2023104528	2025-09-27	3	140.0	0.3	0	1	1200	0	35.0	1.0	14
2023104528	2025-11-22	1	560.0	0.0	0	1	1200	0	35.0	1.0	18
2023104528	2025-12-06	2	445.0	0.0	0	1	1200	0	33.9	2.0	8
2023104528	2026-01-24	6	0.0	0.7	0	1	1200	0	35.2	2.0	12
2023104666	2025-07-06	10	0.0	2.2	1	1	1200	0	37.3	0.0	11
2023104666	2025-12-06	13	0.0	1.8	0	1	1600	0	34.6	1.0	15
2023104666	2026-01-11	16	0.0	2.5	0	1	2200	0	37.4	1.0	17
2023104875	2025-07-26	9	0.0	1.9	0	1	1400	0	37.4	0.0	11
2023104875	2025-08-09	5	56.0	0.6	1	1	1200	0	35.3	1.0	12
2023104875	2025-10-25	14	0.0	4.9	0	0	1200	0	42.2	1.0	15
2023104875	2025-12-06	6	0.0	0.4	0	1	1200	0	34.8	1.0	18
2023104917	2025-12-14	8	0.0	1.2	0	1	1400	2	36.4	0.0	11
2023104972	2025-08-23	8	0.0	6.2	0	1	1500	2	38.9	0.0	9
2023104972	2025-09-27	8	0.0	2.8	0	0	1400	0	39.2	1.0	15
2023104972	2025-10-11	5	56.0	2.7	1	0	1800	0	38.0	1.0	8
2023104972	2025-10-25	8	0.0	2.0	1	0	1800	0	39.5	1.0	11
2023104998	2025-06-14	1	750.0	0.0	0	1	1000	0	33.9	0.0	12
2023104998	2025-07-20	3	786.3	0.6	0	1	1200	0	34.2		12
2023104998	2025-10-04	8	0.0	1.1	2	1	1400	1	35.3	2.0	8
2023104998	2025-12-06	3	282.5	0.4	0	1	1200	0	33.9	2.0	8
2023104998	2026-01-24	2	467.2	0.2	0	1	1200	0	34.4	2.0	12
2023105112	2025-09-07	6	0.0	1.6	0	0	1800	0	41.3	0.0	16
2023105112	2025-12-21	6	0.0	1.7	2	0	1800	2	40.0	1.0	16
2023105112	2026-01-11	5	59.0	1.6	0	0	1800	0	39.1	1.0	16
2023105144	2025-08-10	5	75.0	0.5	1	1	1500	0	35.2	0.0	12
2023105144	2025-08-30	3	140.0	0.5	2	1	1500	2	36.3	1.0	8
2023105144	2025-12-06	12	0.0	1.4	0	0	1400	0	39.1	1.0	16
2023105144	2025-12-20	11	0.0	1.3	0	1	1600	0	34.3	1.0	18
2023105185	2025-06-22	14	0.0	2.5	0	0	1200	0	40.3	0.0	16
2023105185	2025-09-28	5	56.0	0.6	0	1	1400	0	35.8	1.0	14
2023105185	2025-10-13	4	84.0	0.5	0	1	1400	0	35.6	1.0	16
2023105185	2025-10-26	7	0.0	1.2	1	1	1600	2	38.0	1.0	10
2023105185	2025-12-21	11	0.0	0.8	3	1	1400	2	35.3	1.0	17
2023105185	2025-12-28	3	140.0	0.1	0	1	1400	0	34.9	1.0	17
2023105185	2026-01-25	1	590.0	0.0	0	1	1200	0	33.8	1.0	18
2023105352	2025-08-23	2	300.0	0.2	1	1	1400	0	35.1	0.0	10
2023105352	2025-12-07	3	140.0	0.6	0	1	1400	0	35.1	1.0	18
2023105727	2025-10-04	4	110.0	1.2	3	0	1400	1	37.3	0.0	16
2023105727	2025-10-18	6	0.0	1.9	0	0	1600	0	39.0	1.0	11
2023105727	2025-12-07	10	0.0	1.4	0	1	1400	0	35.3	1.0	18
2023105727	2026-01-25	4	89.0	0.6	0	0	1400	0	37.3	1.0	10
2023105810	2025-12-28	3	190.0	0.1	0	1	1600	0	34.4	0.0	16
2023105810	2026-01-18	7	0.0	0.7	0	1	1600	0	36.5	1.0	18
2023105812	2025-08-16	3	190.0	0.3	0	1	1200	0	36.4	0.0	11
2023105812	2025-08-31	2	220.0	0.1	1	1	1200	2	36.0	1.0	10
2023105812	2025-09-06	1	560.0	0.0	0	1	1200	0	35.0	1.0	11
2023105812	2025-12-13	6	0.0	0.6	1	1	1400	0	34.8	2.0	11
2023105919	2025-06-28	7	0.0	0.9	0	1	1200	2	35.5	0.0	16
2023105919	2025-07-19	3	140.0	0.7	1	1	1800	0	36.0	1.0	11
2023105919	2025-08-02	4	84.0	0.8	0	1	1800	0	36.6	1.0	8
2023105919	2025-11-08	10	0.0	1.7	0	1	1800	0	36.2	1.0	16
2023105919	2025-11-23	18	0.0	2.0	1	1	1800	0	35.6	1.0	18
2023105919	2026-01-21	3	17.5	1.4	1	0	1400	0	40.4	5.0	8
2023106184	2025-08-16	10	0.0	10.9	0	1	1200	0	39.9	0.0	10
2023106184	2025-10-13	1	560.0	0.0	0	1	1400	0	35.2	1.0	16
2023106184	2025-11-08	11	0.0	1.1	0	1	1400	0	34.4		16
2023106184	2025-12-27	9	0.0	1.3	0	1	1400	0	34.4	2.0	10
2023106236	2025-07-12	6	0.0	1.6	0	1	1800	0	38.2	0.0	12
2023106236	2025-10-13	7	0.0	0.4	0	1	1600	0	34.9	1.0	10
2023106236	2025-10-25	6	0.0	0.6	1	1	1400	0	35.6	1.0	12
2023106242	2025-06-29	6	0.0	0.6	0	1	1200	0	34.9	0.0	10
2023106242	2025-07-12	9	0.0	2.9	0	1	1200	0	37.4	1.0	10
2023106242	2025-09-13	7	0.0	2.9	1	0	1200	0	38.3	1.0	8
2023106242	2025-10-04	7	0.0	2.3	3	1	2000	2	35.7	1.0	8
2023106242	2025-11-01	7	0.0	1.6	0	1	1800	2	35.6	1.0	8
2023106242	2025-12-21	14	0.0	1.5	3	1	1800	2	36.3	1.0	18
2023106289	2025-11-09	5	75.0	0.6	3	0	1400	2	37.2	0.0	16
2023106289	2025-11-23	12	0.0	3.2	0	0	1400	0	40.0	1.0	14
2023106464	2025-07-20	13	0.0	3.9	0	1	1800	0	38.6	0.0	13
2023106464	2025-08-03	5	56.0	1.2	0	1	2000	0	34.9	1.0	5
2023106464	2025-08-17	6	0.0	1.9	0	1	2000	0	37.0	1.0	7
2023106464	2025-10-19	10	0.0	1.5	1	1	2000	2	37.6	1.0	12
2023106464	2025-11-16	10	0.0	1.7	0	0	1400	0	38.8	1.0	14
2023106464	2025-11-29	7	0.0	1.0	0	1	1600	0	36.2	1.0	14
2023106464	2026-01-24	4	89.0	0.5	0	1	1400	0	35.8	1.0	17
2023106474	2025-09-07	6	0.0	0.6	0	1	1800	0	34.9	0.0	12
2023106474	2025-09-21	5	56.0	1.1	0	1	1800	0	36.2	1.0	10
2023106474	2025-10-18	7	0.0	0.9	1	1	1600	0	34.1	1.0	13
2023106474	2026-01-05	11	0.0	1.0	0	1	2000	0	36.9	1.0	18
2023106474	2026-02-01	5	59.0	1.5	1	0	1700	0	39.3	1.0	16
2023106485	2025-11-02	8	0.0	0.9	1	1	1600	0	35.0	0.0	16
2023106485	2025-11-24	4	84.0	0.7	0	1	1400	0	33.8	1.0	18
2023106485	2025-12-21	5	56.0	0.3	3	1	1400	2	35.0	1.0	17
2023106536	2025-11-08	7	0.0	1.4	0	1	1400	0	36.3	0.0	11
2023106536	2025-11-22	14	0.0	2.6	0	0	1200	0	38.5	1.0	14
2023106807	2025-07-12	3	190.0	0.2	1	1	1200	0	34.7	0.0	11
2023106807	2025-08-31	7	0.0	1.1	0	1	1400	0	36.7	1.0	18
2023106807	2025-11-15	2	220.0	0.1	0	1	1200	0	34.6	1.0	16
2023106862	2025-09-27	6	0.0	0.5	0	1	1600	0	34.9	0.0	16
2023106862	2025-12-07	5	56.0	0.3	0	1	1600	0	34.5	1.0	14
2023106862	2025-12-21	6	0.0	0.6	3	1	1400	2	35.2	1.0	17
2023106877	2025-11-30	9	0.0	1.3	0	1	1200	0	34.6	0.0	13
2023106912	2025-07-13	1	750.0	0.0	1	1	1200	0	35.7	0.0	8
2023106912	2025-08-31	12	0.0	2.9	0	1	1400	0	37.5		13
2023106912	2025-09-20	13	0.0	1.5	1	1	1200	0	34.7	5.0	13
2023106912	2026-01-24	8	0.0	0.7	0	1	1200	0	34.6	2.0	12
2023107042	2025-10-19	9	0.0	1.0	1	1	1400	0	35.4	0.0	17
2023107042	2026-01-25	4	89.0	0.3	0	1	1200	0	34.4	1.0	18
2023107125	2025-11-30	8	0.0	1.3	0	1	1200	0	34.4	0.0	13
2023107235	2025-08-02	4	110.0	0.6	0	1	1500	0	34.8	0.0	11
2023107235	2025-10-18	6	0.0	0.4	1	1	1200	0	35.4	1.0	18
2023107235	2025-11-01	4	84.0	0.3	0	1	1200	2	34.6	1.0	12
2023107303	2025-12-28	16	0.0	2.0	0	1	1600	0	36.5	0.0	16
2023107465	2025-07-20	8	0.0	2.1	0	1	1800	0	37.5	0.0	13
2023107465	2025-10-04	10	0.0	3.0	3	0	1800	1	38.7	1.0	14
2023110015	2025-09-13	10	0.0	2.6	1	1	1200	0	37.1	0.0	11
2023110015	2025-10-26	3	140.0	0.2	1	1	1600	2	36.3	1.0	10
2023110015	2025-11-29	5	56.0	0.4	0	1	1600	0	35.2	1.0	14
2023110015	2025-12-27	3	140.0	0.2	0	1	1600	0	34.6	1.0	15
2023110025	2025-12-07	9	0.0	0.8	0	1	1400	0	34.4	0.0	17
2023110040	2025-06-14	3	190.0	0.8	1	1	1400	0	35.5	0.0	10
2023110040	2025-06-28	1	560.0	0.0	0	1	1200	0	35.2	1.0	10
2023110040	2025-08-31	11	0.0	2.8	0	1	1400	0	37.7		13
2023110040	2025-09-20	11	0.0	1.2	1	1	1200	0	35.0	5.0	13
2023110040	2025-11-16	14	0.0	0.9	0	1	1200	0	35.8	5.0	16
2023110054	2025-06-22	2	300.0	0.0	1	1	1200	1	35.8	0.0	12
2023110054	2025-07-06	3	140.0	0.3	1	1	1200	2	35.1	1.0	10
2023110054	2025-07-20	1	560.0	0.0	0	1	1200	0	35.3	1.0	16
2023110097	2025-10-04	16	0.0	8.1	3	0	1400	1	43.8	0.0	16
2023110097	2025-11-08	2	220.0	0.3	0	1	1400	0	34.6	1.0	15
2023110097	2025-11-24	1	560.0	0.0	0	1	1200	0	34.9	1.0	16
2023110097	2025-12-06	7	0.0	1.9	0	1	1200	0	35.6	2.0	8
